"LOCATION","INDICATOR","SUBJECT","MEASURE","FREQUENCY","TIME","Value","Flag Codes"
"AUT","FERTILITY","TOT","CHD_WOMAN","A","1960",2.7,
"AUT","FERTILITY","TOT","CHD_WOMAN","A","1961",2.8,
"AUT","FERTILITY","TOT","CHD_WOMAN","A","1962",2.8,
"AUT","FERTILITY","TOT","CHD_WOMAN","A","1963",2.8,
"AUT","FERTILITY","TOT","CHD_WOMAN","A","1964",2.8,
"AUT","FERTILITY","TOT","CHD_WOMAN","A","1965",2.7,
"AUT","FERTILITY","TOT","CHD_WOMAN","A","1966",2.7,
"AUT","FERTILITY","TOT","CHD_WOMAN","A","1967",2.6,
"AUT","FERTILITY","TOT","CHD_WOMAN","A","1968",2.6,
"AUT","FERTILITY","TOT","CHD_WOMAN","A","1969",2.5,
"AUT","FERTILITY","TOT","CHD_WOMAN","A","1970",2.3,
"AUT","FERTILITY","TOT","CHD_WOMAN","A","1971",2.2,
"AUT","FERTILITY","TOT","CHD_WOMAN","A","1972",2.1,
"AUT","FERTILITY","TOT","CHD_WOMAN","A","1973",1.9,
"AUT","FERTILITY","TOT","CHD_WOMAN","A","1974",1.9,
"AUT","FERTILITY","TOT","CHD_WOMAN","A","1975",1.8,
"AUT","FERTILITY","TOT","CHD_WOMAN","A","1976",1.7,
"AUT","FERTILITY","TOT","CHD_WOMAN","A","1977",1.6,
"AUT","FERTILITY","TOT","CHD_WOMAN","A","1978",1.6,
"AUT","FERTILITY","TOT","CHD_WOMAN","A","1979",1.6,
"AUT","FERTILITY","TOT","CHD_WOMAN","A","1980",1.7,
"AUT","FERTILITY","TOT","CHD_WOMAN","A","1981",1.7,
"AUT","FERTILITY","TOT","CHD_WOMAN","A","1982",1.7,
"AUT","FERTILITY","TOT","CHD_WOMAN","A","1983",1.6,
"AUT","FERTILITY","TOT","CHD_WOMAN","A","1984",1.5,
"AUT","FERTILITY","TOT","CHD_WOMAN","A","1985",1.5,
"AUT","FERTILITY","TOT","CHD_WOMAN","A","1986",1.4,
"AUT","FERTILITY","TOT","CHD_WOMAN","A","1987",1.4,
"AUT","FERTILITY","TOT","CHD_WOMAN","A","1988",1.4,
"AUT","FERTILITY","TOT","CHD_WOMAN","A","1989",1.4,
"AUT","FERTILITY","TOT","CHD_WOMAN","A","1990",1.5,
"AUT","FERTILITY","TOT","CHD_WOMAN","A","1991",1.5,
"AUT","FERTILITY","TOT","CHD_WOMAN","A","1992",1.5,
"AUT","FERTILITY","TOT","CHD_WOMAN","A","1993",1.5,
"AUT","FERTILITY","TOT","CHD_WOMAN","A","1994",1.5,
"AUT","FERTILITY","TOT","CHD_WOMAN","A","1995",1.4,
"AUT","FERTILITY","TOT","CHD_WOMAN","A","1996",1.4,
"AUT","FERTILITY","TOT","CHD_WOMAN","A","1997",1.4,
"AUT","FERTILITY","TOT","CHD_WOMAN","A","1998",1.4,
"AUT","FERTILITY","TOT","CHD_WOMAN","A","1999",1.3,
"AUT","FERTILITY","TOT","CHD_WOMAN","A","2000",1.4,
"AUT","FERTILITY","TOT","CHD_WOMAN","A","2001",1.3,
"AUT","FERTILITY","TOT","CHD_WOMAN","A","2002",1.4,
"AUT","FERTILITY","TOT","CHD_WOMAN","A","2003",1.4,
"AUT","FERTILITY","TOT","CHD_WOMAN","A","2004",1.4,
"AUT","FERTILITY","TOT","CHD_WOMAN","A","2005",1.4,
"AUT","FERTILITY","TOT","CHD_WOMAN","A","2006",1.4,
"AUT","FERTILITY","TOT","CHD_WOMAN","A","2007",1.4,
"AUT","FERTILITY","TOT","CHD_WOMAN","A","2008",1.4,
"AUT","FERTILITY","TOT","CHD_WOMAN","A","2009",1.4,
"AUT","FERTILITY","TOT","CHD_WOMAN","A","2010",1.4,
"AUT","FERTILITY","TOT","CHD_WOMAN","A","2011",1.4,
"AUT","FERTILITY","TOT","CHD_WOMAN","A","2012",1.4,
"AUT","FERTILITY","TOT","CHD_WOMAN","A","2013",1.4,
"AUT","FERTILITY","TOT","CHD_WOMAN","A","2014",1.5,
"AUT","FERTILITY","TOT","CHD_WOMAN","A","2015",1.5,
"BEL","FERTILITY","TOT","CHD_WOMAN","A","1960",2.5,
"BEL","FERTILITY","TOT","CHD_WOMAN","A","1961",2.6,
"BEL","FERTILITY","TOT","CHD_WOMAN","A","1962",2.6,
"BEL","FERTILITY","TOT","CHD_WOMAN","A","1963",2.7,
"BEL","FERTILITY","TOT","CHD_WOMAN","A","1964",2.7,
"BEL","FERTILITY","TOT","CHD_WOMAN","A","1965",2.6,
"BEL","FERTILITY","TOT","CHD_WOMAN","A","1966",2.5,
"BEL","FERTILITY","TOT","CHD_WOMAN","A","1967",2.4,
"BEL","FERTILITY","TOT","CHD_WOMAN","A","1968",2.3,
"BEL","FERTILITY","TOT","CHD_WOMAN","A","1969",2.3,
"BEL","FERTILITY","TOT","CHD_WOMAN","A","1970",2.3,
"BEL","FERTILITY","TOT","CHD_WOMAN","A","1971",2.2,
"BEL","FERTILITY","TOT","CHD_WOMAN","A","1972",2.1,
"BEL","FERTILITY","TOT","CHD_WOMAN","A","1973",2,
"BEL","FERTILITY","TOT","CHD_WOMAN","A","1974",1.8,
"BEL","FERTILITY","TOT","CHD_WOMAN","A","1975",1.7,
"BEL","FERTILITY","TOT","CHD_WOMAN","A","1976",1.7,
"BEL","FERTILITY","TOT","CHD_WOMAN","A","1977",1.7,
"BEL","FERTILITY","TOT","CHD_WOMAN","A","1978",1.7,
"BEL","FERTILITY","TOT","CHD_WOMAN","A","1979",1.7,
"BEL","FERTILITY","TOT","CHD_WOMAN","A","1980",1.7,
"BEL","FERTILITY","TOT","CHD_WOMAN","A","1981",1.7,
"BEL","FERTILITY","TOT","CHD_WOMAN","A","1982",1.6,
"BEL","FERTILITY","TOT","CHD_WOMAN","A","1983",1.6,
"BEL","FERTILITY","TOT","CHD_WOMAN","A","1984",1.5,
"BEL","FERTILITY","TOT","CHD_WOMAN","A","1985",1.5,
"BEL","FERTILITY","TOT","CHD_WOMAN","A","1986",1.5,
"BEL","FERTILITY","TOT","CHD_WOMAN","A","1987",1.5,
"BEL","FERTILITY","TOT","CHD_WOMAN","A","1988",1.6,
"BEL","FERTILITY","TOT","CHD_WOMAN","A","1989",1.6,
"BEL","FERTILITY","TOT","CHD_WOMAN","A","1990",1.6,
"BEL","FERTILITY","TOT","CHD_WOMAN","A","1991",1.7,
"BEL","FERTILITY","TOT","CHD_WOMAN","A","1992",1.6,
"BEL","FERTILITY","TOT","CHD_WOMAN","A","1993",1.6,
"BEL","FERTILITY","TOT","CHD_WOMAN","A","1994",1.5,
"BEL","FERTILITY","TOT","CHD_WOMAN","A","1995",1.5,
"BEL","FERTILITY","TOT","CHD_WOMAN","A","1996",1.6,
"BEL","FERTILITY","TOT","CHD_WOMAN","A","1997",1.6,
"BEL","FERTILITY","TOT","CHD_WOMAN","A","1998",1.6,
"BEL","FERTILITY","TOT","CHD_WOMAN","A","1999",1.6,
"BEL","FERTILITY","TOT","CHD_WOMAN","A","2000",1.6,
"BEL","FERTILITY","TOT","CHD_WOMAN","A","2001",1.6,
"BEL","FERTILITY","TOT","CHD_WOMAN","A","2002",1.6,
"BEL","FERTILITY","TOT","CHD_WOMAN","A","2003",1.6,
"BEL","FERTILITY","TOT","CHD_WOMAN","A","2004",1.7,
"BEL","FERTILITY","TOT","CHD_WOMAN","A","2005",1.7,
"BEL","FERTILITY","TOT","CHD_WOMAN","A","2006",1.8,
"BEL","FERTILITY","TOT","CHD_WOMAN","A","2007",1.8,
"BEL","FERTILITY","TOT","CHD_WOMAN","A","2008",1.9,
"BEL","FERTILITY","TOT","CHD_WOMAN","A","2009",1.8,
"BEL","FERTILITY","TOT","CHD_WOMAN","A","2010",1.8,
"BEL","FERTILITY","TOT","CHD_WOMAN","A","2011",1.8,
"BEL","FERTILITY","TOT","CHD_WOMAN","A","2012",1.8,
"BEL","FERTILITY","TOT","CHD_WOMAN","A","2013",1.7,
"BEL","FERTILITY","TOT","CHD_WOMAN","A","2014",1.7,
"BEL","FERTILITY","TOT","CHD_WOMAN","A","2015",1.7,
"CZE","FERTILITY","TOT","CHD_WOMAN","A","1960",2.1,
"CZE","FERTILITY","TOT","CHD_WOMAN","A","1961",2.1,
"CZE","FERTILITY","TOT","CHD_WOMAN","A","1962",2.1,
"CZE","FERTILITY","TOT","CHD_WOMAN","A","1963",2.3,
"CZE","FERTILITY","TOT","CHD_WOMAN","A","1964",2.4,
"CZE","FERTILITY","TOT","CHD_WOMAN","A","1965",2.2,
"CZE","FERTILITY","TOT","CHD_WOMAN","A","1966",2,
"CZE","FERTILITY","TOT","CHD_WOMAN","A","1967",1.9,
"CZE","FERTILITY","TOT","CHD_WOMAN","A","1968",1.8,
"CZE","FERTILITY","TOT","CHD_WOMAN","A","1969",1.9,
"CZE","FERTILITY","TOT","CHD_WOMAN","A","1970",1.9,
"CZE","FERTILITY","TOT","CHD_WOMAN","A","1971",2,
"CZE","FERTILITY","TOT","CHD_WOMAN","A","1972",2.1,
"CZE","FERTILITY","TOT","CHD_WOMAN","A","1973",2.3,
"CZE","FERTILITY","TOT","CHD_WOMAN","A","1974",2.4,
"CZE","FERTILITY","TOT","CHD_WOMAN","A","1975",2.4,
"CZE","FERTILITY","TOT","CHD_WOMAN","A","1976",2.4,
"CZE","FERTILITY","TOT","CHD_WOMAN","A","1977",2.3,
"CZE","FERTILITY","TOT","CHD_WOMAN","A","1978",2.3,
"CZE","FERTILITY","TOT","CHD_WOMAN","A","1979",2.3,
"CZE","FERTILITY","TOT","CHD_WOMAN","A","1980",2.1,
"CZE","FERTILITY","TOT","CHD_WOMAN","A","1981",2,
"CZE","FERTILITY","TOT","CHD_WOMAN","A","1982",2,
"CZE","FERTILITY","TOT","CHD_WOMAN","A","1983",2,
"CZE","FERTILITY","TOT","CHD_WOMAN","A","1984",2,
"CZE","FERTILITY","TOT","CHD_WOMAN","A","1985",2,
"CZE","FERTILITY","TOT","CHD_WOMAN","A","1986",1.9,
"CZE","FERTILITY","TOT","CHD_WOMAN","A","1987",1.9,
"CZE","FERTILITY","TOT","CHD_WOMAN","A","1988",1.9,
"CZE","FERTILITY","TOT","CHD_WOMAN","A","1989",1.9,
"CZE","FERTILITY","TOT","CHD_WOMAN","A","1990",1.9,
"CZE","FERTILITY","TOT","CHD_WOMAN","A","1991",1.9,
"CZE","FERTILITY","TOT","CHD_WOMAN","A","1992",1.7,
"CZE","FERTILITY","TOT","CHD_WOMAN","A","1993",1.7,
"CZE","FERTILITY","TOT","CHD_WOMAN","A","1994",1.4,
"CZE","FERTILITY","TOT","CHD_WOMAN","A","1995",1.3,
"CZE","FERTILITY","TOT","CHD_WOMAN","A","1996",1.2,
"CZE","FERTILITY","TOT","CHD_WOMAN","A","1997",1.2,
"CZE","FERTILITY","TOT","CHD_WOMAN","A","1998",1.2,
"CZE","FERTILITY","TOT","CHD_WOMAN","A","1999",1.1,
"CZE","FERTILITY","TOT","CHD_WOMAN","A","2000",1.1,
"CZE","FERTILITY","TOT","CHD_WOMAN","A","2001",1.1,
"CZE","FERTILITY","TOT","CHD_WOMAN","A","2002",1.2,
"CZE","FERTILITY","TOT","CHD_WOMAN","A","2003",1.2,
"CZE","FERTILITY","TOT","CHD_WOMAN","A","2004",1.2,
"CZE","FERTILITY","TOT","CHD_WOMAN","A","2005",1.3,
"CZE","FERTILITY","TOT","CHD_WOMAN","A","2006",1.3,
"CZE","FERTILITY","TOT","CHD_WOMAN","A","2007",1.4,
"CZE","FERTILITY","TOT","CHD_WOMAN","A","2008",1.5,
"CZE","FERTILITY","TOT","CHD_WOMAN","A","2009",1.5,
"CZE","FERTILITY","TOT","CHD_WOMAN","A","2010",1.5,
"CZE","FERTILITY","TOT","CHD_WOMAN","A","2011",1.4,
"CZE","FERTILITY","TOT","CHD_WOMAN","A","2012",1.5,
"CZE","FERTILITY","TOT","CHD_WOMAN","A","2013",1.5,
"CZE","FERTILITY","TOT","CHD_WOMAN","A","2014",1.5,
"CZE","FERTILITY","TOT","CHD_WOMAN","A","2015",1.6,
"DNK","FERTILITY","TOT","CHD_WOMAN","A","1960",2.5,
"DNK","FERTILITY","TOT","CHD_WOMAN","A","1961",2.5,
"DNK","FERTILITY","TOT","CHD_WOMAN","A","1962",2.5,
"DNK","FERTILITY","TOT","CHD_WOMAN","A","1963",2.6,
"DNK","FERTILITY","TOT","CHD_WOMAN","A","1964",2.6,
"DNK","FERTILITY","TOT","CHD_WOMAN","A","1965",2.6,
"DNK","FERTILITY","TOT","CHD_WOMAN","A","1966",2.6,
"DNK","FERTILITY","TOT","CHD_WOMAN","A","1967",2.4,
"DNK","FERTILITY","TOT","CHD_WOMAN","A","1968",2.1,
"DNK","FERTILITY","TOT","CHD_WOMAN","A","1969",2,
"DNK","FERTILITY","TOT","CHD_WOMAN","A","1970",2,
"DNK","FERTILITY","TOT","CHD_WOMAN","A","1971",2,
"DNK","FERTILITY","TOT","CHD_WOMAN","A","1972",2,
"DNK","FERTILITY","TOT","CHD_WOMAN","A","1973",1.9,
"DNK","FERTILITY","TOT","CHD_WOMAN","A","1974",1.9,
"DNK","FERTILITY","TOT","CHD_WOMAN","A","1975",1.9,
"DNK","FERTILITY","TOT","CHD_WOMAN","A","1976",1.7,
"DNK","FERTILITY","TOT","CHD_WOMAN","A","1977",1.7,
"DNK","FERTILITY","TOT","CHD_WOMAN","A","1978",1.7,
"DNK","FERTILITY","TOT","CHD_WOMAN","A","1979",1.6,
"DNK","FERTILITY","TOT","CHD_WOMAN","A","1980",1.5,
"DNK","FERTILITY","TOT","CHD_WOMAN","A","1981",1.4,
"DNK","FERTILITY","TOT","CHD_WOMAN","A","1982",1.4,
"DNK","FERTILITY","TOT","CHD_WOMAN","A","1983",1.4,
"DNK","FERTILITY","TOT","CHD_WOMAN","A","1984",1.4,
"DNK","FERTILITY","TOT","CHD_WOMAN","A","1985",1.4,
"DNK","FERTILITY","TOT","CHD_WOMAN","A","1986",1.5,
"DNK","FERTILITY","TOT","CHD_WOMAN","A","1987",1.5,
"DNK","FERTILITY","TOT","CHD_WOMAN","A","1988",1.6,
"DNK","FERTILITY","TOT","CHD_WOMAN","A","1989",1.6,
"DNK","FERTILITY","TOT","CHD_WOMAN","A","1990",1.7,
"DNK","FERTILITY","TOT","CHD_WOMAN","A","1991",1.7,
"DNK","FERTILITY","TOT","CHD_WOMAN","A","1992",1.8,
"DNK","FERTILITY","TOT","CHD_WOMAN","A","1993",1.8,
"DNK","FERTILITY","TOT","CHD_WOMAN","A","1994",1.8,
"DNK","FERTILITY","TOT","CHD_WOMAN","A","1995",1.8,
"DNK","FERTILITY","TOT","CHD_WOMAN","A","1996",1.8,
"DNK","FERTILITY","TOT","CHD_WOMAN","A","1997",1.8,
"DNK","FERTILITY","TOT","CHD_WOMAN","A","1998",1.7,
"DNK","FERTILITY","TOT","CHD_WOMAN","A","1999",1.7,
"DNK","FERTILITY","TOT","CHD_WOMAN","A","2000",1.8,
"DNK","FERTILITY","TOT","CHD_WOMAN","A","2001",1.7,
"DNK","FERTILITY","TOT","CHD_WOMAN","A","2002",1.7,
"DNK","FERTILITY","TOT","CHD_WOMAN","A","2003",1.8,
"DNK","FERTILITY","TOT","CHD_WOMAN","A","2004",1.8,
"DNK","FERTILITY","TOT","CHD_WOMAN","A","2005",1.8,
"DNK","FERTILITY","TOT","CHD_WOMAN","A","2006",1.8,
"DNK","FERTILITY","TOT","CHD_WOMAN","A","2007",1.8,
"DNK","FERTILITY","TOT","CHD_WOMAN","A","2008",1.9,
"DNK","FERTILITY","TOT","CHD_WOMAN","A","2009",1.8,
"DNK","FERTILITY","TOT","CHD_WOMAN","A","2010",1.9,
"DNK","FERTILITY","TOT","CHD_WOMAN","A","2011",1.8,
"DNK","FERTILITY","TOT","CHD_WOMAN","A","2012",1.7,
"DNK","FERTILITY","TOT","CHD_WOMAN","A","2013",1.7,
"DNK","FERTILITY","TOT","CHD_WOMAN","A","2014",1.7,
"DNK","FERTILITY","TOT","CHD_WOMAN","A","2015",1.7,
"FIN","FERTILITY","TOT","CHD_WOMAN","A","1960",2.7,
"FIN","FERTILITY","TOT","CHD_WOMAN","A","1961",2.7,
"FIN","FERTILITY","TOT","CHD_WOMAN","A","1962",2.7,
"FIN","FERTILITY","TOT","CHD_WOMAN","A","1963",2.7,
"FIN","FERTILITY","TOT","CHD_WOMAN","A","1964",2.6,
"FIN","FERTILITY","TOT","CHD_WOMAN","A","1965",2.5,
"FIN","FERTILITY","TOT","CHD_WOMAN","A","1966",2.4,
"FIN","FERTILITY","TOT","CHD_WOMAN","A","1967",2.3,
"FIN","FERTILITY","TOT","CHD_WOMAN","A","1968",2.1,
"FIN","FERTILITY","TOT","CHD_WOMAN","A","1969",1.9,
"FIN","FERTILITY","TOT","CHD_WOMAN","A","1970",1.8,
"FIN","FERTILITY","TOT","CHD_WOMAN","A","1971",1.7,
"FIN","FERTILITY","TOT","CHD_WOMAN","A","1972",1.6,
"FIN","FERTILITY","TOT","CHD_WOMAN","A","1973",1.5,
"FIN","FERTILITY","TOT","CHD_WOMAN","A","1974",1.6,
"FIN","FERTILITY","TOT","CHD_WOMAN","A","1975",1.7,
"FIN","FERTILITY","TOT","CHD_WOMAN","A","1976",1.7,
"FIN","FERTILITY","TOT","CHD_WOMAN","A","1977",1.7,
"FIN","FERTILITY","TOT","CHD_WOMAN","A","1978",1.7,
"FIN","FERTILITY","TOT","CHD_WOMAN","A","1979",1.6,
"FIN","FERTILITY","TOT","CHD_WOMAN","A","1980",1.6,
"FIN","FERTILITY","TOT","CHD_WOMAN","A","1981",1.6,
"FIN","FERTILITY","TOT","CHD_WOMAN","A","1982",1.7,
"FIN","FERTILITY","TOT","CHD_WOMAN","A","1983",1.7,
"FIN","FERTILITY","TOT","CHD_WOMAN","A","1984",1.7,
"FIN","FERTILITY","TOT","CHD_WOMAN","A","1985",1.6,
"FIN","FERTILITY","TOT","CHD_WOMAN","A","1986",1.6,
"FIN","FERTILITY","TOT","CHD_WOMAN","A","1987",1.6,
"FIN","FERTILITY","TOT","CHD_WOMAN","A","1988",1.7,
"FIN","FERTILITY","TOT","CHD_WOMAN","A","1989",1.7,
"FIN","FERTILITY","TOT","CHD_WOMAN","A","1990",1.8,
"FIN","FERTILITY","TOT","CHD_WOMAN","A","1991",1.8,
"FIN","FERTILITY","TOT","CHD_WOMAN","A","1992",1.9,
"FIN","FERTILITY","TOT","CHD_WOMAN","A","1993",1.8,
"FIN","FERTILITY","TOT","CHD_WOMAN","A","1994",1.9,
"FIN","FERTILITY","TOT","CHD_WOMAN","A","1995",1.8,
"FIN","FERTILITY","TOT","CHD_WOMAN","A","1996",1.8,
"FIN","FERTILITY","TOT","CHD_WOMAN","A","1997",1.8,
"FIN","FERTILITY","TOT","CHD_WOMAN","A","1998",1.7,
"FIN","FERTILITY","TOT","CHD_WOMAN","A","1999",1.7,
"FIN","FERTILITY","TOT","CHD_WOMAN","A","2000",1.7,
"FIN","FERTILITY","TOT","CHD_WOMAN","A","2001",1.7,
"FIN","FERTILITY","TOT","CHD_WOMAN","A","2002",1.7,
"FIN","FERTILITY","TOT","CHD_WOMAN","A","2003",1.8,
"FIN","FERTILITY","TOT","CHD_WOMAN","A","2004",1.8,
"FIN","FERTILITY","TOT","CHD_WOMAN","A","2005",1.8,
"FIN","FERTILITY","TOT","CHD_WOMAN","A","2006",1.8,
"FIN","FERTILITY","TOT","CHD_WOMAN","A","2007",1.8,
"FIN","FERTILITY","TOT","CHD_WOMAN","A","2008",1.9,
"FIN","FERTILITY","TOT","CHD_WOMAN","A","2009",1.9,
"FIN","FERTILITY","TOT","CHD_WOMAN","A","2010",1.9,
"FIN","FERTILITY","TOT","CHD_WOMAN","A","2011",1.8,
"FIN","FERTILITY","TOT","CHD_WOMAN","A","2012",1.8,
"FIN","FERTILITY","TOT","CHD_WOMAN","A","2013",1.8,
"FIN","FERTILITY","TOT","CHD_WOMAN","A","2014",1.7,
"FIN","FERTILITY","TOT","CHD_WOMAN","A","2015",1.7,
"FRA","FERTILITY","TOT","CHD_WOMAN","A","1960",2.7,
"FRA","FERTILITY","TOT","CHD_WOMAN","A","1961",2.8,
"FRA","FERTILITY","TOT","CHD_WOMAN","A","1962",2.8,
"FRA","FERTILITY","TOT","CHD_WOMAN","A","1963",2.9,
"FRA","FERTILITY","TOT","CHD_WOMAN","A","1964",2.9,
"FRA","FERTILITY","TOT","CHD_WOMAN","A","1965",2.8,
"FRA","FERTILITY","TOT","CHD_WOMAN","A","1966",2.8,
"FRA","FERTILITY","TOT","CHD_WOMAN","A","1967",2.7,
"FRA","FERTILITY","TOT","CHD_WOMAN","A","1968",2.6,
"FRA","FERTILITY","TOT","CHD_WOMAN","A","1969",2.5,
"FRA","FERTILITY","TOT","CHD_WOMAN","A","1970",2.5,
"FRA","FERTILITY","TOT","CHD_WOMAN","A","1971",2.5,
"FRA","FERTILITY","TOT","CHD_WOMAN","A","1972",2.4,
"FRA","FERTILITY","TOT","CHD_WOMAN","A","1973",2.3,
"FRA","FERTILITY","TOT","CHD_WOMAN","A","1974",2.1,
"FRA","FERTILITY","TOT","CHD_WOMAN","A","1975",1.9,
"FRA","FERTILITY","TOT","CHD_WOMAN","A","1976",1.8,
"FRA","FERTILITY","TOT","CHD_WOMAN","A","1977",1.9,
"FRA","FERTILITY","TOT","CHD_WOMAN","A","1978",1.8,
"FRA","FERTILITY","TOT","CHD_WOMAN","A","1979",1.9,
"FRA","FERTILITY","TOT","CHD_WOMAN","A","1980",1.9,
"FRA","FERTILITY","TOT","CHD_WOMAN","A","1981",1.9,
"FRA","FERTILITY","TOT","CHD_WOMAN","A","1982",1.9,
"FRA","FERTILITY","TOT","CHD_WOMAN","A","1983",1.8,
"FRA","FERTILITY","TOT","CHD_WOMAN","A","1984",1.8,
"FRA","FERTILITY","TOT","CHD_WOMAN","A","1985",1.8,
"FRA","FERTILITY","TOT","CHD_WOMAN","A","1986",1.8,
"FRA","FERTILITY","TOT","CHD_WOMAN","A","1987",1.8,
"FRA","FERTILITY","TOT","CHD_WOMAN","A","1988",1.8,
"FRA","FERTILITY","TOT","CHD_WOMAN","A","1989",1.8,
"FRA","FERTILITY","TOT","CHD_WOMAN","A","1990",1.8,
"FRA","FERTILITY","TOT","CHD_WOMAN","A","1991",1.8,
"FRA","FERTILITY","TOT","CHD_WOMAN","A","1992",1.7,
"FRA","FERTILITY","TOT","CHD_WOMAN","A","1993",1.7,
"FRA","FERTILITY","TOT","CHD_WOMAN","A","1994",1.7,
"FRA","FERTILITY","TOT","CHD_WOMAN","A","1995",1.7,
"FRA","FERTILITY","TOT","CHD_WOMAN","A","1996",1.7,
"FRA","FERTILITY","TOT","CHD_WOMAN","A","1997",1.7,
"FRA","FERTILITY","TOT","CHD_WOMAN","A","1998",1.8,
"FRA","FERTILITY","TOT","CHD_WOMAN","A","1999",1.8,
"FRA","FERTILITY","TOT","CHD_WOMAN","A","2000",1.9,
"FRA","FERTILITY","TOT","CHD_WOMAN","A","2001",1.9,
"FRA","FERTILITY","TOT","CHD_WOMAN","A","2002",1.9,
"FRA","FERTILITY","TOT","CHD_WOMAN","A","2003",1.9,
"FRA","FERTILITY","TOT","CHD_WOMAN","A","2004",1.9,
"FRA","FERTILITY","TOT","CHD_WOMAN","A","2005",1.9,
"FRA","FERTILITY","TOT","CHD_WOMAN","A","2006",2,
"FRA","FERTILITY","TOT","CHD_WOMAN","A","2007",2,
"FRA","FERTILITY","TOT","CHD_WOMAN","A","2008",2,
"FRA","FERTILITY","TOT","CHD_WOMAN","A","2009",2,
"FRA","FERTILITY","TOT","CHD_WOMAN","A","2010",2,
"FRA","FERTILITY","TOT","CHD_WOMAN","A","2011",2,
"FRA","FERTILITY","TOT","CHD_WOMAN","A","2012",2,
"FRA","FERTILITY","TOT","CHD_WOMAN","A","2013",2,
"FRA","FERTILITY","TOT","CHD_WOMAN","A","2014",2,
"FRA","FERTILITY","TOT","CHD_WOMAN","A","2015",1.9,
"DEU","FERTILITY","TOT","CHD_WOMAN","A","1960",2.4,
"DEU","FERTILITY","TOT","CHD_WOMAN","A","1961",2.4,
"DEU","FERTILITY","TOT","CHD_WOMAN","A","1962",2.4,
"DEU","FERTILITY","TOT","CHD_WOMAN","A","1963",2.5,
"DEU","FERTILITY","TOT","CHD_WOMAN","A","1964",2.5,
"DEU","FERTILITY","TOT","CHD_WOMAN","A","1965",2.5,
"DEU","FERTILITY","TOT","CHD_WOMAN","A","1966",2.5,
"DEU","FERTILITY","TOT","CHD_WOMAN","A","1967",2.5,
"DEU","FERTILITY","TOT","CHD_WOMAN","A","1968",2.4,
"DEU","FERTILITY","TOT","CHD_WOMAN","A","1969",2.2,
"DEU","FERTILITY","TOT","CHD_WOMAN","A","1970",2,
"DEU","FERTILITY","TOT","CHD_WOMAN","A","1971",2,
"DEU","FERTILITY","TOT","CHD_WOMAN","A","1972",1.7,
"DEU","FERTILITY","TOT","CHD_WOMAN","A","1973",1.6,
"DEU","FERTILITY","TOT","CHD_WOMAN","A","1974",1.5,
"DEU","FERTILITY","TOT","CHD_WOMAN","A","1975",1.5,
"DEU","FERTILITY","TOT","CHD_WOMAN","A","1976",1.5,
"DEU","FERTILITY","TOT","CHD_WOMAN","A","1977",1.5,
"DEU","FERTILITY","TOT","CHD_WOMAN","A","1978",1.5,
"DEU","FERTILITY","TOT","CHD_WOMAN","A","1979",1.5,
"DEU","FERTILITY","TOT","CHD_WOMAN","A","1980",1.6,
"DEU","FERTILITY","TOT","CHD_WOMAN","A","1981",1.5,
"DEU","FERTILITY","TOT","CHD_WOMAN","A","1982",1.5,
"DEU","FERTILITY","TOT","CHD_WOMAN","A","1983",1.4,
"DEU","FERTILITY","TOT","CHD_WOMAN","A","1984",1.4,
"DEU","FERTILITY","TOT","CHD_WOMAN","A","1985",1.4,
"DEU","FERTILITY","TOT","CHD_WOMAN","A","1986",1.4,
"DEU","FERTILITY","TOT","CHD_WOMAN","A","1987",1.4,
"DEU","FERTILITY","TOT","CHD_WOMAN","A","1988",1.5,
"DEU","FERTILITY","TOT","CHD_WOMAN","A","1989",1.4,
"DEU","FERTILITY","TOT","CHD_WOMAN","A","1990",1.5,
"DEU","FERTILITY","TOT","CHD_WOMAN","A","1991",1.3,
"DEU","FERTILITY","TOT","CHD_WOMAN","A","1992",1.3,
"DEU","FERTILITY","TOT","CHD_WOMAN","A","1993",1.3,
"DEU","FERTILITY","TOT","CHD_WOMAN","A","1994",1.2,
"DEU","FERTILITY","TOT","CHD_WOMAN","A","1995",1.2,
"DEU","FERTILITY","TOT","CHD_WOMAN","A","1996",1.3,
"DEU","FERTILITY","TOT","CHD_WOMAN","A","1997",1.4,
"DEU","FERTILITY","TOT","CHD_WOMAN","A","1998",1.4,
"DEU","FERTILITY","TOT","CHD_WOMAN","A","1999",1.4,
"DEU","FERTILITY","TOT","CHD_WOMAN","A","2000",1.4,
"DEU","FERTILITY","TOT","CHD_WOMAN","A","2001",1.3,
"DEU","FERTILITY","TOT","CHD_WOMAN","A","2002",1.3,
"DEU","FERTILITY","TOT","CHD_WOMAN","A","2003",1.3,
"DEU","FERTILITY","TOT","CHD_WOMAN","A","2004",1.4,
"DEU","FERTILITY","TOT","CHD_WOMAN","A","2005",1.3,
"DEU","FERTILITY","TOT","CHD_WOMAN","A","2006",1.3,
"DEU","FERTILITY","TOT","CHD_WOMAN","A","2007",1.4,
"DEU","FERTILITY","TOT","CHD_WOMAN","A","2008",1.4,
"DEU","FERTILITY","TOT","CHD_WOMAN","A","2009",1.4,
"DEU","FERTILITY","TOT","CHD_WOMAN","A","2010",1.4,
"DEU","FERTILITY","TOT","CHD_WOMAN","A","2011",1.4,
"DEU","FERTILITY","TOT","CHD_WOMAN","A","2012",1.4,
"DEU","FERTILITY","TOT","CHD_WOMAN","A","2013",1.4,
"DEU","FERTILITY","TOT","CHD_WOMAN","A","2014",1.5,
"DEU","FERTILITY","TOT","CHD_WOMAN","A","2015",1.5,
"GRC","FERTILITY","TOT","CHD_WOMAN","A","1960",2.2,
"GRC","FERTILITY","TOT","CHD_WOMAN","A","1961",2.1,
"GRC","FERTILITY","TOT","CHD_WOMAN","A","1962",2.2,
"GRC","FERTILITY","TOT","CHD_WOMAN","A","1963",2.1,
"GRC","FERTILITY","TOT","CHD_WOMAN","A","1964",2.2,
"GRC","FERTILITY","TOT","CHD_WOMAN","A","1965",2.3,
"GRC","FERTILITY","TOT","CHD_WOMAN","A","1966",2.3,
"GRC","FERTILITY","TOT","CHD_WOMAN","A","1967",2.5,
"GRC","FERTILITY","TOT","CHD_WOMAN","A","1968",2.4,
"GRC","FERTILITY","TOT","CHD_WOMAN","A","1969",2.4,
"GRC","FERTILITY","TOT","CHD_WOMAN","A","1970",2.4,
"GRC","FERTILITY","TOT","CHD_WOMAN","A","1971",2.3,
"GRC","FERTILITY","TOT","CHD_WOMAN","A","1972",2.3,
"GRC","FERTILITY","TOT","CHD_WOMAN","A","1973",2.3,
"GRC","FERTILITY","TOT","CHD_WOMAN","A","1974",2.4,
"GRC","FERTILITY","TOT","CHD_WOMAN","A","1975",2.3,
"GRC","FERTILITY","TOT","CHD_WOMAN","A","1976",2.4,
"GRC","FERTILITY","TOT","CHD_WOMAN","A","1977",2.3,
"GRC","FERTILITY","TOT","CHD_WOMAN","A","1978",2.3,
"GRC","FERTILITY","TOT","CHD_WOMAN","A","1979",2.3,
"GRC","FERTILITY","TOT","CHD_WOMAN","A","1980",2.2,
"GRC","FERTILITY","TOT","CHD_WOMAN","A","1981",2.1,
"GRC","FERTILITY","TOT","CHD_WOMAN","A","1982",2,
"GRC","FERTILITY","TOT","CHD_WOMAN","A","1983",1.9,
"GRC","FERTILITY","TOT","CHD_WOMAN","A","1984",1.8,
"GRC","FERTILITY","TOT","CHD_WOMAN","A","1985",1.7,
"GRC","FERTILITY","TOT","CHD_WOMAN","A","1986",1.6,
"GRC","FERTILITY","TOT","CHD_WOMAN","A","1987",1.5,
"GRC","FERTILITY","TOT","CHD_WOMAN","A","1988",1.5,
"GRC","FERTILITY","TOT","CHD_WOMAN","A","1989",1.4,
"GRC","FERTILITY","TOT","CHD_WOMAN","A","1990",1.4,
"GRC","FERTILITY","TOT","CHD_WOMAN","A","1991",1.4,
"GRC","FERTILITY","TOT","CHD_WOMAN","A","1992",1.4,
"GRC","FERTILITY","TOT","CHD_WOMAN","A","1993",1.3,
"GRC","FERTILITY","TOT","CHD_WOMAN","A","1994",1.3,
"GRC","FERTILITY","TOT","CHD_WOMAN","A","1995",1.3,
"GRC","FERTILITY","TOT","CHD_WOMAN","A","1996",1.3,
"GRC","FERTILITY","TOT","CHD_WOMAN","A","1997",1.3,
"GRC","FERTILITY","TOT","CHD_WOMAN","A","1998",1.2,
"GRC","FERTILITY","TOT","CHD_WOMAN","A","1999",1.2,
"GRC","FERTILITY","TOT","CHD_WOMAN","A","2000",1.3,
"GRC","FERTILITY","TOT","CHD_WOMAN","A","2001",1.3,
"GRC","FERTILITY","TOT","CHD_WOMAN","A","2002",1.3,
"GRC","FERTILITY","TOT","CHD_WOMAN","A","2003",1.3,
"GRC","FERTILITY","TOT","CHD_WOMAN","A","2004",1.3,
"GRC","FERTILITY","TOT","CHD_WOMAN","A","2005",1.3,
"GRC","FERTILITY","TOT","CHD_WOMAN","A","2006",1.4,
"GRC","FERTILITY","TOT","CHD_WOMAN","A","2007",1.4,
"GRC","FERTILITY","TOT","CHD_WOMAN","A","2008",1.5,
"GRC","FERTILITY","TOT","CHD_WOMAN","A","2009",1.5,
"GRC","FERTILITY","TOT","CHD_WOMAN","A","2010",1.5,
"GRC","FERTILITY","TOT","CHD_WOMAN","A","2011",1.4,
"GRC","FERTILITY","TOT","CHD_WOMAN","A","2012",1.3,
"GRC","FERTILITY","TOT","CHD_WOMAN","A","2013",1.3,
"GRC","FERTILITY","TOT","CHD_WOMAN","A","2014",1.3,
"GRC","FERTILITY","TOT","CHD_WOMAN","A","2015",1.3,
"HUN","FERTILITY","TOT","CHD_WOMAN","A","1960",2,
"HUN","FERTILITY","TOT","CHD_WOMAN","A","1961",1.9,
"HUN","FERTILITY","TOT","CHD_WOMAN","A","1962",1.8,
"HUN","FERTILITY","TOT","CHD_WOMAN","A","1963",1.8,
"HUN","FERTILITY","TOT","CHD_WOMAN","A","1964",1.8,
"HUN","FERTILITY","TOT","CHD_WOMAN","A","1965",1.8,
"HUN","FERTILITY","TOT","CHD_WOMAN","A","1966",1.9,
"HUN","FERTILITY","TOT","CHD_WOMAN","A","1967",2,
"HUN","FERTILITY","TOT","CHD_WOMAN","A","1968",2.1,
"HUN","FERTILITY","TOT","CHD_WOMAN","A","1969",2,
"HUN","FERTILITY","TOT","CHD_WOMAN","A","1970",2,
"HUN","FERTILITY","TOT","CHD_WOMAN","A","1971",1.9,
"HUN","FERTILITY","TOT","CHD_WOMAN","A","1972",1.9,
"HUN","FERTILITY","TOT","CHD_WOMAN","A","1973",2,
"HUN","FERTILITY","TOT","CHD_WOMAN","A","1974",2.3,
"HUN","FERTILITY","TOT","CHD_WOMAN","A","1975",2.4,
"HUN","FERTILITY","TOT","CHD_WOMAN","A","1976",2.3,
"HUN","FERTILITY","TOT","CHD_WOMAN","A","1977",2.2,
"HUN","FERTILITY","TOT","CHD_WOMAN","A","1978",2.1,
"HUN","FERTILITY","TOT","CHD_WOMAN","A","1979",2,
"HUN","FERTILITY","TOT","CHD_WOMAN","A","1980",1.9,
"HUN","FERTILITY","TOT","CHD_WOMAN","A","1981",1.9,
"HUN","FERTILITY","TOT","CHD_WOMAN","A","1982",1.8,
"HUN","FERTILITY","TOT","CHD_WOMAN","A","1983",1.7,
"HUN","FERTILITY","TOT","CHD_WOMAN","A","1984",1.7,
"HUN","FERTILITY","TOT","CHD_WOMAN","A","1985",1.8,
"HUN","FERTILITY","TOT","CHD_WOMAN","A","1986",1.8,
"HUN","FERTILITY","TOT","CHD_WOMAN","A","1987",1.8,
"HUN","FERTILITY","TOT","CHD_WOMAN","A","1988",1.8,
"HUN","FERTILITY","TOT","CHD_WOMAN","A","1989",1.8,
"HUN","FERTILITY","TOT","CHD_WOMAN","A","1990",1.8,
"HUN","FERTILITY","TOT","CHD_WOMAN","A","1991",1.9,
"HUN","FERTILITY","TOT","CHD_WOMAN","A","1992",1.8,
"HUN","FERTILITY","TOT","CHD_WOMAN","A","1993",1.7,
"HUN","FERTILITY","TOT","CHD_WOMAN","A","1994",1.6,
"HUN","FERTILITY","TOT","CHD_WOMAN","A","1995",1.6,
"HUN","FERTILITY","TOT","CHD_WOMAN","A","1996",1.5,
"HUN","FERTILITY","TOT","CHD_WOMAN","A","1997",1.4,
"HUN","FERTILITY","TOT","CHD_WOMAN","A","1998",1.3,
"HUN","FERTILITY","TOT","CHD_WOMAN","A","1999",1.3,
"HUN","FERTILITY","TOT","CHD_WOMAN","A","2000",1.3,
"HUN","FERTILITY","TOT","CHD_WOMAN","A","2001",1.3,
"HUN","FERTILITY","TOT","CHD_WOMAN","A","2002",1.3,
"HUN","FERTILITY","TOT","CHD_WOMAN","A","2003",1.3,
"HUN","FERTILITY","TOT","CHD_WOMAN","A","2004",1.3,
"HUN","FERTILITY","TOT","CHD_WOMAN","A","2005",1.3,
"HUN","FERTILITY","TOT","CHD_WOMAN","A","2006",1.4,
"HUN","FERTILITY","TOT","CHD_WOMAN","A","2007",1.3,
"HUN","FERTILITY","TOT","CHD_WOMAN","A","2008",1.4,
"HUN","FERTILITY","TOT","CHD_WOMAN","A","2009",1.3,
"HUN","FERTILITY","TOT","CHD_WOMAN","A","2010",1.3,
"HUN","FERTILITY","TOT","CHD_WOMAN","A","2011",1.2,
"HUN","FERTILITY","TOT","CHD_WOMAN","A","2012",1.3,
"HUN","FERTILITY","TOT","CHD_WOMAN","A","2013",1.3,
"HUN","FERTILITY","TOT","CHD_WOMAN","A","2014",1.4,
"HUN","FERTILITY","TOT","CHD_WOMAN","A","2015",1.4,
"IRL","FERTILITY","TOT","CHD_WOMAN","A","1960",3.8,
"IRL","FERTILITY","TOT","CHD_WOMAN","A","1961",3.8,
"IRL","FERTILITY","TOT","CHD_WOMAN","A","1962",3.9,
"IRL","FERTILITY","TOT","CHD_WOMAN","A","1963",4,
"IRL","FERTILITY","TOT","CHD_WOMAN","A","1964",4.1,
"IRL","FERTILITY","TOT","CHD_WOMAN","A","1965",4,
"IRL","FERTILITY","TOT","CHD_WOMAN","A","1966",4,
"IRL","FERTILITY","TOT","CHD_WOMAN","A","1967",3.8,
"IRL","FERTILITY","TOT","CHD_WOMAN","A","1968",3.8,
"IRL","FERTILITY","TOT","CHD_WOMAN","A","1969",3.9,
"IRL","FERTILITY","TOT","CHD_WOMAN","A","1970",3.9,
"IRL","FERTILITY","TOT","CHD_WOMAN","A","1971",4,
"IRL","FERTILITY","TOT","CHD_WOMAN","A","1972",3.9,
"IRL","FERTILITY","TOT","CHD_WOMAN","A","1973",3.7,
"IRL","FERTILITY","TOT","CHD_WOMAN","A","1974",3.6,
"IRL","FERTILITY","TOT","CHD_WOMAN","A","1975",3.4,
"IRL","FERTILITY","TOT","CHD_WOMAN","A","1976",3.3,
"IRL","FERTILITY","TOT","CHD_WOMAN","A","1977",3.3,
"IRL","FERTILITY","TOT","CHD_WOMAN","A","1978",3.2,
"IRL","FERTILITY","TOT","CHD_WOMAN","A","1979",3.2,
"IRL","FERTILITY","TOT","CHD_WOMAN","A","1980",3.2,
"IRL","FERTILITY","TOT","CHD_WOMAN","A","1981",3.1,
"IRL","FERTILITY","TOT","CHD_WOMAN","A","1982",3,
"IRL","FERTILITY","TOT","CHD_WOMAN","A","1983",2.8,
"IRL","FERTILITY","TOT","CHD_WOMAN","A","1984",2.6,
"IRL","FERTILITY","TOT","CHD_WOMAN","A","1985",2.5,
"IRL","FERTILITY","TOT","CHD_WOMAN","A","1986",2.4,
"IRL","FERTILITY","TOT","CHD_WOMAN","A","1987",2.3,
"IRL","FERTILITY","TOT","CHD_WOMAN","A","1988",2.2,
"IRL","FERTILITY","TOT","CHD_WOMAN","A","1989",2.1,
"IRL","FERTILITY","TOT","CHD_WOMAN","A","1990",2.1,
"IRL","FERTILITY","TOT","CHD_WOMAN","A","1991",2.1,
"IRL","FERTILITY","TOT","CHD_WOMAN","A","1992",2,
"IRL","FERTILITY","TOT","CHD_WOMAN","A","1993",1.9,
"IRL","FERTILITY","TOT","CHD_WOMAN","A","1994",1.9,
"IRL","FERTILITY","TOT","CHD_WOMAN","A","1995",1.9,
"IRL","FERTILITY","TOT","CHD_WOMAN","A","1996",1.9,
"IRL","FERTILITY","TOT","CHD_WOMAN","A","1997",1.9,
"IRL","FERTILITY","TOT","CHD_WOMAN","A","1998",2,
"IRL","FERTILITY","TOT","CHD_WOMAN","A","1999",1.9,
"IRL","FERTILITY","TOT","CHD_WOMAN","A","2000",1.9,
"IRL","FERTILITY","TOT","CHD_WOMAN","A","2001",2,
"IRL","FERTILITY","TOT","CHD_WOMAN","A","2002",2,
"IRL","FERTILITY","TOT","CHD_WOMAN","A","2003",2,
"IRL","FERTILITY","TOT","CHD_WOMAN","A","2004",2,
"IRL","FERTILITY","TOT","CHD_WOMAN","A","2005",1.9,
"IRL","FERTILITY","TOT","CHD_WOMAN","A","2006",1.9,
"IRL","FERTILITY","TOT","CHD_WOMAN","A","2007",2,
"IRL","FERTILITY","TOT","CHD_WOMAN","A","2008",2.1,
"IRL","FERTILITY","TOT","CHD_WOMAN","A","2009",2.1,
"IRL","FERTILITY","TOT","CHD_WOMAN","A","2010",2.1,
"IRL","FERTILITY","TOT","CHD_WOMAN","A","2011",2,
"IRL","FERTILITY","TOT","CHD_WOMAN","A","2012",2,
"IRL","FERTILITY","TOT","CHD_WOMAN","A","2013",2,
"IRL","FERTILITY","TOT","CHD_WOMAN","A","2014",2,
"IRL","FERTILITY","TOT","CHD_WOMAN","A","2015",1.9,
"ITA","FERTILITY","TOT","CHD_WOMAN","A","1960",2.4,
"ITA","FERTILITY","TOT","CHD_WOMAN","A","1961",2.4,
"ITA","FERTILITY","TOT","CHD_WOMAN","A","1962",2.5,
"ITA","FERTILITY","TOT","CHD_WOMAN","A","1963",2.6,
"ITA","FERTILITY","TOT","CHD_WOMAN","A","1964",2.7,
"ITA","FERTILITY","TOT","CHD_WOMAN","A","1965",2.7,
"ITA","FERTILITY","TOT","CHD_WOMAN","A","1966",2.6,
"ITA","FERTILITY","TOT","CHD_WOMAN","A","1967",2.5,
"ITA","FERTILITY","TOT","CHD_WOMAN","A","1968",2.5,
"ITA","FERTILITY","TOT","CHD_WOMAN","A","1969",2.5,
"ITA","FERTILITY","TOT","CHD_WOMAN","A","1970",2.4,
"ITA","FERTILITY","TOT","CHD_WOMAN","A","1971",2.4,
"ITA","FERTILITY","TOT","CHD_WOMAN","A","1972",2.4,
"ITA","FERTILITY","TOT","CHD_WOMAN","A","1973",2.3,
"ITA","FERTILITY","TOT","CHD_WOMAN","A","1974",2.3,
"ITA","FERTILITY","TOT","CHD_WOMAN","A","1975",2.2,
"ITA","FERTILITY","TOT","CHD_WOMAN","A","1976",2.1,
"ITA","FERTILITY","TOT","CHD_WOMAN","A","1977",2,
"ITA","FERTILITY","TOT","CHD_WOMAN","A","1978",1.9,
"ITA","FERTILITY","TOT","CHD_WOMAN","A","1979",1.8,
"ITA","FERTILITY","TOT","CHD_WOMAN","A","1980",1.7,
"ITA","FERTILITY","TOT","CHD_WOMAN","A","1981",1.6,
"ITA","FERTILITY","TOT","CHD_WOMAN","A","1982",1.6,
"ITA","FERTILITY","TOT","CHD_WOMAN","A","1983",1.5,
"ITA","FERTILITY","TOT","CHD_WOMAN","A","1984",1.5,
"ITA","FERTILITY","TOT","CHD_WOMAN","A","1985",1.4,
"ITA","FERTILITY","TOT","CHD_WOMAN","A","1986",1.4,
"ITA","FERTILITY","TOT","CHD_WOMAN","A","1987",1.4,
"ITA","FERTILITY","TOT","CHD_WOMAN","A","1988",1.4,
"ITA","FERTILITY","TOT","CHD_WOMAN","A","1989",1.3,
"ITA","FERTILITY","TOT","CHD_WOMAN","A","1990",1.4,
"ITA","FERTILITY","TOT","CHD_WOMAN","A","1991",1.3,
"ITA","FERTILITY","TOT","CHD_WOMAN","A","1992",1.3,
"ITA","FERTILITY","TOT","CHD_WOMAN","A","1993",1.3,
"ITA","FERTILITY","TOT","CHD_WOMAN","A","1994",1.2,
"ITA","FERTILITY","TOT","CHD_WOMAN","A","1995",1.2,
"ITA","FERTILITY","TOT","CHD_WOMAN","A","1996",1.2,
"ITA","FERTILITY","TOT","CHD_WOMAN","A","1997",1.2,
"ITA","FERTILITY","TOT","CHD_WOMAN","A","1998",1.2,
"ITA","FERTILITY","TOT","CHD_WOMAN","A","1999",1.2,
"ITA","FERTILITY","TOT","CHD_WOMAN","A","2000",1.3,
"ITA","FERTILITY","TOT","CHD_WOMAN","A","2001",1.3,
"ITA","FERTILITY","TOT","CHD_WOMAN","A","2002",1.3,
"ITA","FERTILITY","TOT","CHD_WOMAN","A","2003",1.3,
"ITA","FERTILITY","TOT","CHD_WOMAN","A","2004",1.3,
"ITA","FERTILITY","TOT","CHD_WOMAN","A","2005",1.3,
"ITA","FERTILITY","TOT","CHD_WOMAN","A","2006",1.4,
"ITA","FERTILITY","TOT","CHD_WOMAN","A","2007",1.4,
"ITA","FERTILITY","TOT","CHD_WOMAN","A","2008",1.4,
"ITA","FERTILITY","TOT","CHD_WOMAN","A","2009",1.4,
"ITA","FERTILITY","TOT","CHD_WOMAN","A","2010",1.4,
"ITA","FERTILITY","TOT","CHD_WOMAN","A","2011",1.4,
"ITA","FERTILITY","TOT","CHD_WOMAN","A","2012",1.4,
"ITA","FERTILITY","TOT","CHD_WOMAN","A","2013",1.4,
"ITA","FERTILITY","TOT","CHD_WOMAN","A","2014",1.4,
"ITA","FERTILITY","TOT","CHD_WOMAN","A","2015",1.4,
"LUX","FERTILITY","TOT","CHD_WOMAN","A","1960",2.3,
"LUX","FERTILITY","TOT","CHD_WOMAN","A","1961",2.3,
"LUX","FERTILITY","TOT","CHD_WOMAN","A","1962",2.4,
"LUX","FERTILITY","TOT","CHD_WOMAN","A","1963",2.3,
"LUX","FERTILITY","TOT","CHD_WOMAN","A","1964",2.4,
"LUX","FERTILITY","TOT","CHD_WOMAN","A","1965",2.4,
"LUX","FERTILITY","TOT","CHD_WOMAN","A","1966",2.4,
"LUX","FERTILITY","TOT","CHD_WOMAN","A","1967",2.3,
"LUX","FERTILITY","TOT","CHD_WOMAN","A","1968",2.1,
"LUX","FERTILITY","TOT","CHD_WOMAN","A","1969",2,
"LUX","FERTILITY","TOT","CHD_WOMAN","A","1970",2,
"LUX","FERTILITY","TOT","CHD_WOMAN","A","1971",2,
"LUX","FERTILITY","TOT","CHD_WOMAN","A","1972",1.8,
"LUX","FERTILITY","TOT","CHD_WOMAN","A","1973",1.6,
"LUX","FERTILITY","TOT","CHD_WOMAN","A","1974",1.6,
"LUX","FERTILITY","TOT","CHD_WOMAN","A","1975",1.6,
"LUX","FERTILITY","TOT","CHD_WOMAN","A","1976",1.5,
"LUX","FERTILITY","TOT","CHD_WOMAN","A","1977",1.5,
"LUX","FERTILITY","TOT","CHD_WOMAN","A","1978",1.5,
"LUX","FERTILITY","TOT","CHD_WOMAN","A","1979",1.5,
"LUX","FERTILITY","TOT","CHD_WOMAN","A","1980",1.5,
"LUX","FERTILITY","TOT","CHD_WOMAN","A","1981",1.6,
"LUX","FERTILITY","TOT","CHD_WOMAN","A","1982",1.5,
"LUX","FERTILITY","TOT","CHD_WOMAN","A","1983",1.4,
"LUX","FERTILITY","TOT","CHD_WOMAN","A","1984",1.4,
"LUX","FERTILITY","TOT","CHD_WOMAN","A","1985",1.4,
"LUX","FERTILITY","TOT","CHD_WOMAN","A","1986",1.4,
"LUX","FERTILITY","TOT","CHD_WOMAN","A","1987",1.4,
"LUX","FERTILITY","TOT","CHD_WOMAN","A","1988",1.5,
"LUX","FERTILITY","TOT","CHD_WOMAN","A","1989",1.5,
"LUX","FERTILITY","TOT","CHD_WOMAN","A","1990",1.6,
"LUX","FERTILITY","TOT","CHD_WOMAN","A","1991",1.6,
"LUX","FERTILITY","TOT","CHD_WOMAN","A","1992",1.7,
"LUX","FERTILITY","TOT","CHD_WOMAN","A","1993",1.7,
"LUX","FERTILITY","TOT","CHD_WOMAN","A","1994",1.7,
"LUX","FERTILITY","TOT","CHD_WOMAN","A","1995",1.7,
"LUX","FERTILITY","TOT","CHD_WOMAN","A","1996",1.8,
"LUX","FERTILITY","TOT","CHD_WOMAN","A","1997",1.7,
"LUX","FERTILITY","TOT","CHD_WOMAN","A","1998",1.7,
"LUX","FERTILITY","TOT","CHD_WOMAN","A","1999",1.7,
"LUX","FERTILITY","TOT","CHD_WOMAN","A","2000",1.8,
"LUX","FERTILITY","TOT","CHD_WOMAN","A","2001",1.7,
"LUX","FERTILITY","TOT","CHD_WOMAN","A","2002",1.6,
"LUX","FERTILITY","TOT","CHD_WOMAN","A","2003",1.6,
"LUX","FERTILITY","TOT","CHD_WOMAN","A","2004",1.7,
"LUX","FERTILITY","TOT","CHD_WOMAN","A","2005",1.6,
"LUX","FERTILITY","TOT","CHD_WOMAN","A","2006",1.6,
"LUX","FERTILITY","TOT","CHD_WOMAN","A","2007",1.6,
"LUX","FERTILITY","TOT","CHD_WOMAN","A","2008",1.6,
"LUX","FERTILITY","TOT","CHD_WOMAN","A","2009",1.6,
"LUX","FERTILITY","TOT","CHD_WOMAN","A","2010",1.6,
"LUX","FERTILITY","TOT","CHD_WOMAN","A","2011",1.5,
"LUX","FERTILITY","TOT","CHD_WOMAN","A","2012",1.6,
"LUX","FERTILITY","TOT","CHD_WOMAN","A","2013",1.6,
"LUX","FERTILITY","TOT","CHD_WOMAN","A","2014",1.5,
"LUX","FERTILITY","TOT","CHD_WOMAN","A","2015",1.5,
"NLD","FERTILITY","TOT","CHD_WOMAN","A","1960",3.1,
"NLD","FERTILITY","TOT","CHD_WOMAN","A","1961",3.2,
"NLD","FERTILITY","TOT","CHD_WOMAN","A","1962",3.2,
"NLD","FERTILITY","TOT","CHD_WOMAN","A","1963",3.2,
"NLD","FERTILITY","TOT","CHD_WOMAN","A","1964",3.2,
"NLD","FERTILITY","TOT","CHD_WOMAN","A","1965",3,
"NLD","FERTILITY","TOT","CHD_WOMAN","A","1966",2.9,
"NLD","FERTILITY","TOT","CHD_WOMAN","A","1967",2.8,
"NLD","FERTILITY","TOT","CHD_WOMAN","A","1968",2.7,
"NLD","FERTILITY","TOT","CHD_WOMAN","A","1969",2.7,
"NLD","FERTILITY","TOT","CHD_WOMAN","A","1970",2.6,
"NLD","FERTILITY","TOT","CHD_WOMAN","A","1971",2.4,
"NLD","FERTILITY","TOT","CHD_WOMAN","A","1972",2.2,
"NLD","FERTILITY","TOT","CHD_WOMAN","A","1973",1.9,
"NLD","FERTILITY","TOT","CHD_WOMAN","A","1974",1.8,
"NLD","FERTILITY","TOT","CHD_WOMAN","A","1975",1.7,
"NLD","FERTILITY","TOT","CHD_WOMAN","A","1976",1.6,
"NLD","FERTILITY","TOT","CHD_WOMAN","A","1977",1.6,
"NLD","FERTILITY","TOT","CHD_WOMAN","A","1978",1.6,
"NLD","FERTILITY","TOT","CHD_WOMAN","A","1979",1.6,
"NLD","FERTILITY","TOT","CHD_WOMAN","A","1980",1.6,
"NLD","FERTILITY","TOT","CHD_WOMAN","A","1981",1.6,
"NLD","FERTILITY","TOT","CHD_WOMAN","A","1982",1.5,
"NLD","FERTILITY","TOT","CHD_WOMAN","A","1983",1.5,
"NLD","FERTILITY","TOT","CHD_WOMAN","A","1984",1.5,
"NLD","FERTILITY","TOT","CHD_WOMAN","A","1985",1.5,
"NLD","FERTILITY","TOT","CHD_WOMAN","A","1986",1.6,
"NLD","FERTILITY","TOT","CHD_WOMAN","A","1987",1.6,
"NLD","FERTILITY","TOT","CHD_WOMAN","A","1988",1.5,
"NLD","FERTILITY","TOT","CHD_WOMAN","A","1989",1.6,
"NLD","FERTILITY","TOT","CHD_WOMAN","A","1990",1.6,
"NLD","FERTILITY","TOT","CHD_WOMAN","A","1991",1.6,
"NLD","FERTILITY","TOT","CHD_WOMAN","A","1992",1.6,
"NLD","FERTILITY","TOT","CHD_WOMAN","A","1993",1.6,
"NLD","FERTILITY","TOT","CHD_WOMAN","A","1994",1.6,
"NLD","FERTILITY","TOT","CHD_WOMAN","A","1995",1.5,
"NLD","FERTILITY","TOT","CHD_WOMAN","A","1996",1.5,
"NLD","FERTILITY","TOT","CHD_WOMAN","A","1997",1.6,
"NLD","FERTILITY","TOT","CHD_WOMAN","A","1998",1.6,
"NLD","FERTILITY","TOT","CHD_WOMAN","A","1999",1.7,
"NLD","FERTILITY","TOT","CHD_WOMAN","A","2000",1.7,
"NLD","FERTILITY","TOT","CHD_WOMAN","A","2001",1.7,
"NLD","FERTILITY","TOT","CHD_WOMAN","A","2002",1.7,
"NLD","FERTILITY","TOT","CHD_WOMAN","A","2003",1.7,
"NLD","FERTILITY","TOT","CHD_WOMAN","A","2004",1.7,
"NLD","FERTILITY","TOT","CHD_WOMAN","A","2005",1.7,
"NLD","FERTILITY","TOT","CHD_WOMAN","A","2006",1.7,
"NLD","FERTILITY","TOT","CHD_WOMAN","A","2007",1.7,
"NLD","FERTILITY","TOT","CHD_WOMAN","A","2008",1.8,
"NLD","FERTILITY","TOT","CHD_WOMAN","A","2009",1.8,
"NLD","FERTILITY","TOT","CHD_WOMAN","A","2010",1.8,
"NLD","FERTILITY","TOT","CHD_WOMAN","A","2011",1.8,
"NLD","FERTILITY","TOT","CHD_WOMAN","A","2012",1.7,
"NLD","FERTILITY","TOT","CHD_WOMAN","A","2013",1.7,
"NLD","FERTILITY","TOT","CHD_WOMAN","A","2014",1.7,
"NLD","FERTILITY","TOT","CHD_WOMAN","A","2015",1.7,
"POL","FERTILITY","TOT","CHD_WOMAN","A","1960",3,
"POL","FERTILITY","TOT","CHD_WOMAN","A","1961",2.8,
"POL","FERTILITY","TOT","CHD_WOMAN","A","1962",2.7,
"POL","FERTILITY","TOT","CHD_WOMAN","A","1963",2.7,
"POL","FERTILITY","TOT","CHD_WOMAN","A","1964",2.6,
"POL","FERTILITY","TOT","CHD_WOMAN","A","1965",2.5,
"POL","FERTILITY","TOT","CHD_WOMAN","A","1966",2.3,
"POL","FERTILITY","TOT","CHD_WOMAN","A","1967",2.3,
"POL","FERTILITY","TOT","CHD_WOMAN","A","1968",2.2,
"POL","FERTILITY","TOT","CHD_WOMAN","A","1969",2.2,
"POL","FERTILITY","TOT","CHD_WOMAN","A","1970",2.2,
"POL","FERTILITY","TOT","CHD_WOMAN","A","1971",2.3,
"POL","FERTILITY","TOT","CHD_WOMAN","A","1972",2.2,
"POL","FERTILITY","TOT","CHD_WOMAN","A","1973",2.3,
"POL","FERTILITY","TOT","CHD_WOMAN","A","1974",2.3,
"POL","FERTILITY","TOT","CHD_WOMAN","A","1975",2.3,
"POL","FERTILITY","TOT","CHD_WOMAN","A","1976",2.3,
"POL","FERTILITY","TOT","CHD_WOMAN","A","1977",2.2,
"POL","FERTILITY","TOT","CHD_WOMAN","A","1978",2.2,
"POL","FERTILITY","TOT","CHD_WOMAN","A","1979",2.3,
"POL","FERTILITY","TOT","CHD_WOMAN","A","1980",2.3,
"POL","FERTILITY","TOT","CHD_WOMAN","A","1981",2.2,
"POL","FERTILITY","TOT","CHD_WOMAN","A","1982",2.3,
"POL","FERTILITY","TOT","CHD_WOMAN","A","1983",2.4,
"POL","FERTILITY","TOT","CHD_WOMAN","A","1984",2.4,
"POL","FERTILITY","TOT","CHD_WOMAN","A","1985",2.3,
"POL","FERTILITY","TOT","CHD_WOMAN","A","1986",2.2,
"POL","FERTILITY","TOT","CHD_WOMAN","A","1987",2.2,
"POL","FERTILITY","TOT","CHD_WOMAN","A","1988",2.1,
"POL","FERTILITY","TOT","CHD_WOMAN","A","1989",2.1,
"POL","FERTILITY","TOT","CHD_WOMAN","A","1990",2,
"POL","FERTILITY","TOT","CHD_WOMAN","A","1991",2,
"POL","FERTILITY","TOT","CHD_WOMAN","A","1992",1.9,
"POL","FERTILITY","TOT","CHD_WOMAN","A","1993",1.8,
"POL","FERTILITY","TOT","CHD_WOMAN","A","1994",1.7,
"POL","FERTILITY","TOT","CHD_WOMAN","A","1995",1.5,
"POL","FERTILITY","TOT","CHD_WOMAN","A","1996",1.5,
"POL","FERTILITY","TOT","CHD_WOMAN","A","1997",1.5,
"POL","FERTILITY","TOT","CHD_WOMAN","A","1998",1.4,
"POL","FERTILITY","TOT","CHD_WOMAN","A","1999",1.4,
"POL","FERTILITY","TOT","CHD_WOMAN","A","2000",1.4,
"POL","FERTILITY","TOT","CHD_WOMAN","A","2001",1.3,
"POL","FERTILITY","TOT","CHD_WOMAN","A","2002",1.2,
"POL","FERTILITY","TOT","CHD_WOMAN","A","2003",1.2,
"POL","FERTILITY","TOT","CHD_WOMAN","A","2004",1.2,
"POL","FERTILITY","TOT","CHD_WOMAN","A","2005",1.2,
"POL","FERTILITY","TOT","CHD_WOMAN","A","2006",1.3,
"POL","FERTILITY","TOT","CHD_WOMAN","A","2007",1.3,
"POL","FERTILITY","TOT","CHD_WOMAN","A","2008",1.4,
"POL","FERTILITY","TOT","CHD_WOMAN","A","2009",1.4,
"POL","FERTILITY","TOT","CHD_WOMAN","A","2010",1.4,
"POL","FERTILITY","TOT","CHD_WOMAN","A","2011",1.3,
"POL","FERTILITY","TOT","CHD_WOMAN","A","2012",1.3,
"POL","FERTILITY","TOT","CHD_WOMAN","A","2013",1.3,
"POL","FERTILITY","TOT","CHD_WOMAN","A","2014",1.3,
"POL","FERTILITY","TOT","CHD_WOMAN","A","2015",1.3,
"PRT","FERTILITY","TOT","CHD_WOMAN","A","1960",3.1,
"PRT","FERTILITY","TOT","CHD_WOMAN","A","1961",3.2,
"PRT","FERTILITY","TOT","CHD_WOMAN","A","1962",3.2,
"PRT","FERTILITY","TOT","CHD_WOMAN","A","1963",3.1,
"PRT","FERTILITY","TOT","CHD_WOMAN","A","1964",3.2,
"PRT","FERTILITY","TOT","CHD_WOMAN","A","1965",3.1,
"PRT","FERTILITY","TOT","CHD_WOMAN","A","1966",3.1,
"PRT","FERTILITY","TOT","CHD_WOMAN","A","1967",3.1,
"PRT","FERTILITY","TOT","CHD_WOMAN","A","1968",3,
"PRT","FERTILITY","TOT","CHD_WOMAN","A","1969",3,
"PRT","FERTILITY","TOT","CHD_WOMAN","A","1970",2.8,
"PRT","FERTILITY","TOT","CHD_WOMAN","A","1971",2.8,
"PRT","FERTILITY","TOT","CHD_WOMAN","A","1972",2.7,
"PRT","FERTILITY","TOT","CHD_WOMAN","A","1973",2.7,
"PRT","FERTILITY","TOT","CHD_WOMAN","A","1974",2.6,
"PRT","FERTILITY","TOT","CHD_WOMAN","A","1975",2.6,
"PRT","FERTILITY","TOT","CHD_WOMAN","A","1976",2.6,
"PRT","FERTILITY","TOT","CHD_WOMAN","A","1977",2.5,
"PRT","FERTILITY","TOT","CHD_WOMAN","A","1978",2.3,
"PRT","FERTILITY","TOT","CHD_WOMAN","A","1979",2.2,
"PRT","FERTILITY","TOT","CHD_WOMAN","A","1980",2.2,
"PRT","FERTILITY","TOT","CHD_WOMAN","A","1981",2.1,
"PRT","FERTILITY","TOT","CHD_WOMAN","A","1982",2.1,
"PRT","FERTILITY","TOT","CHD_WOMAN","A","1983",2,
"PRT","FERTILITY","TOT","CHD_WOMAN","A","1984",1.9,
"PRT","FERTILITY","TOT","CHD_WOMAN","A","1985",1.7,
"PRT","FERTILITY","TOT","CHD_WOMAN","A","1986",1.7,
"PRT","FERTILITY","TOT","CHD_WOMAN","A","1987",1.6,
"PRT","FERTILITY","TOT","CHD_WOMAN","A","1988",1.6,
"PRT","FERTILITY","TOT","CHD_WOMAN","A","1989",1.6,
"PRT","FERTILITY","TOT","CHD_WOMAN","A","1990",1.6,
"PRT","FERTILITY","TOT","CHD_WOMAN","A","1991",1.6,
"PRT","FERTILITY","TOT","CHD_WOMAN","A","1992",1.5,
"PRT","FERTILITY","TOT","CHD_WOMAN","A","1993",1.5,
"PRT","FERTILITY","TOT","CHD_WOMAN","A","1994",1.4,
"PRT","FERTILITY","TOT","CHD_WOMAN","A","1995",1.4,
"PRT","FERTILITY","TOT","CHD_WOMAN","A","1996",1.4,
"PRT","FERTILITY","TOT","CHD_WOMAN","A","1997",1.5,
"PRT","FERTILITY","TOT","CHD_WOMAN","A","1998",1.5,
"PRT","FERTILITY","TOT","CHD_WOMAN","A","1999",1.5,
"PRT","FERTILITY","TOT","CHD_WOMAN","A","2000",1.6,
"PRT","FERTILITY","TOT","CHD_WOMAN","A","2001",1.5,
"PRT","FERTILITY","TOT","CHD_WOMAN","A","2002",1.5,
"PRT","FERTILITY","TOT","CHD_WOMAN","A","2003",1.4,
"PRT","FERTILITY","TOT","CHD_WOMAN","A","2004",1.4,
"PRT","FERTILITY","TOT","CHD_WOMAN","A","2005",1.4,
"PRT","FERTILITY","TOT","CHD_WOMAN","A","2006",1.4,
"PRT","FERTILITY","TOT","CHD_WOMAN","A","2007",1.4,
"PRT","FERTILITY","TOT","CHD_WOMAN","A","2008",1.4,
"PRT","FERTILITY","TOT","CHD_WOMAN","A","2009",1.4,
"PRT","FERTILITY","TOT","CHD_WOMAN","A","2010",1.4,
"PRT","FERTILITY","TOT","CHD_WOMAN","A","2011",1.4,
"PRT","FERTILITY","TOT","CHD_WOMAN","A","2012",1.3,
"PRT","FERTILITY","TOT","CHD_WOMAN","A","2013",1.2,
"PRT","FERTILITY","TOT","CHD_WOMAN","A","2014",1.2,
"PRT","FERTILITY","TOT","CHD_WOMAN","A","2015",1.3,
"SVK","FERTILITY","TOT","CHD_WOMAN","A","1960",3.1,
"SVK","FERTILITY","TOT","CHD_WOMAN","A","1961",3,
"SVK","FERTILITY","TOT","CHD_WOMAN","A","1962",2.8,
"SVK","FERTILITY","TOT","CHD_WOMAN","A","1963",2.9,
"SVK","FERTILITY","TOT","CHD_WOMAN","A","1964",2.9,
"SVK","FERTILITY","TOT","CHD_WOMAN","A","1965",2.8,
"SVK","FERTILITY","TOT","CHD_WOMAN","A","1966",2.7,
"SVK","FERTILITY","TOT","CHD_WOMAN","A","1967",2.5,
"SVK","FERTILITY","TOT","CHD_WOMAN","A","1968",2.4,
"SVK","FERTILITY","TOT","CHD_WOMAN","A","1969",2.4,
"SVK","FERTILITY","TOT","CHD_WOMAN","A","1970",2.4,
"SVK","FERTILITY","TOT","CHD_WOMAN","A","1971",2.4,
"SVK","FERTILITY","TOT","CHD_WOMAN","A","1972",2.5,
"SVK","FERTILITY","TOT","CHD_WOMAN","A","1973",2.6,
"SVK","FERTILITY","TOT","CHD_WOMAN","A","1974",2.6,
"SVK","FERTILITY","TOT","CHD_WOMAN","A","1975",2.5,
"SVK","FERTILITY","TOT","CHD_WOMAN","A","1976",2.5,
"SVK","FERTILITY","TOT","CHD_WOMAN","A","1977",2.5,
"SVK","FERTILITY","TOT","CHD_WOMAN","A","1978",2.5,
"SVK","FERTILITY","TOT","CHD_WOMAN","A","1979",2.4,
"SVK","FERTILITY","TOT","CHD_WOMAN","A","1980",2.3,
"SVK","FERTILITY","TOT","CHD_WOMAN","A","1981",2.3,
"SVK","FERTILITY","TOT","CHD_WOMAN","A","1982",2.3,
"SVK","FERTILITY","TOT","CHD_WOMAN","A","1983",2.3,
"SVK","FERTILITY","TOT","CHD_WOMAN","A","1984",2.3,
"SVK","FERTILITY","TOT","CHD_WOMAN","A","1985",2.3,
"SVK","FERTILITY","TOT","CHD_WOMAN","A","1986",2.2,
"SVK","FERTILITY","TOT","CHD_WOMAN","A","1987",2.1,
"SVK","FERTILITY","TOT","CHD_WOMAN","A","1988",2.1,
"SVK","FERTILITY","TOT","CHD_WOMAN","A","1989",2.1,
"SVK","FERTILITY","TOT","CHD_WOMAN","A","1990",2.1,
"SVK","FERTILITY","TOT","CHD_WOMAN","A","1991",2,
"SVK","FERTILITY","TOT","CHD_WOMAN","A","1992",2,
"SVK","FERTILITY","TOT","CHD_WOMAN","A","1993",1.9,
"SVK","FERTILITY","TOT","CHD_WOMAN","A","1994",1.7,
"SVK","FERTILITY","TOT","CHD_WOMAN","A","1995",1.5,
"SVK","FERTILITY","TOT","CHD_WOMAN","A","1996",1.5,
"SVK","FERTILITY","TOT","CHD_WOMAN","A","1997",1.4,
"SVK","FERTILITY","TOT","CHD_WOMAN","A","1998",1.4,
"SVK","FERTILITY","TOT","CHD_WOMAN","A","1999",1.3,
"SVK","FERTILITY","TOT","CHD_WOMAN","A","2000",1.3,
"SVK","FERTILITY","TOT","CHD_WOMAN","A","2001",1.2,
"SVK","FERTILITY","TOT","CHD_WOMAN","A","2002",1.2,
"SVK","FERTILITY","TOT","CHD_WOMAN","A","2003",1.2,
"SVK","FERTILITY","TOT","CHD_WOMAN","A","2004",1.2,
"SVK","FERTILITY","TOT","CHD_WOMAN","A","2005",1.3,
"SVK","FERTILITY","TOT","CHD_WOMAN","A","2006",1.2,
"SVK","FERTILITY","TOT","CHD_WOMAN","A","2007",1.3,
"SVK","FERTILITY","TOT","CHD_WOMAN","A","2008",1.3,
"SVK","FERTILITY","TOT","CHD_WOMAN","A","2009",1.4,
"SVK","FERTILITY","TOT","CHD_WOMAN","A","2010",1.4,
"SVK","FERTILITY","TOT","CHD_WOMAN","A","2011",1.5,
"SVK","FERTILITY","TOT","CHD_WOMAN","A","2012",1.3,
"SVK","FERTILITY","TOT","CHD_WOMAN","A","2013",1.3,
"SVK","FERTILITY","TOT","CHD_WOMAN","A","2014",1.4,
"SVK","FERTILITY","TOT","CHD_WOMAN","A","2015",1.4,
"ESP","FERTILITY","TOT","CHD_WOMAN","A","1960",2.9,
"ESP","FERTILITY","TOT","CHD_WOMAN","A","1961",2.8,
"ESP","FERTILITY","TOT","CHD_WOMAN","A","1962",2.8,
"ESP","FERTILITY","TOT","CHD_WOMAN","A","1963",2.9,
"ESP","FERTILITY","TOT","CHD_WOMAN","A","1964",3,
"ESP","FERTILITY","TOT","CHD_WOMAN","A","1965",2.9,
"ESP","FERTILITY","TOT","CHD_WOMAN","A","1966",3,
"ESP","FERTILITY","TOT","CHD_WOMAN","A","1967",3,
"ESP","FERTILITY","TOT","CHD_WOMAN","A","1968",3,
"ESP","FERTILITY","TOT","CHD_WOMAN","A","1969",2.9,
"ESP","FERTILITY","TOT","CHD_WOMAN","A","1970",2.9,
"ESP","FERTILITY","TOT","CHD_WOMAN","A","1971",2.9,
"ESP","FERTILITY","TOT","CHD_WOMAN","A","1972",2.9,
"ESP","FERTILITY","TOT","CHD_WOMAN","A","1973",2.8,
"ESP","FERTILITY","TOT","CHD_WOMAN","A","1974",2.9,
"ESP","FERTILITY","TOT","CHD_WOMAN","A","1975",2.8,
"ESP","FERTILITY","TOT","CHD_WOMAN","A","1976",2.8,
"ESP","FERTILITY","TOT","CHD_WOMAN","A","1977",2.7,
"ESP","FERTILITY","TOT","CHD_WOMAN","A","1978",2.6,
"ESP","FERTILITY","TOT","CHD_WOMAN","A","1979",2.4,
"ESP","FERTILITY","TOT","CHD_WOMAN","A","1980",2.2,
"ESP","FERTILITY","TOT","CHD_WOMAN","A","1981",2,
"ESP","FERTILITY","TOT","CHD_WOMAN","A","1982",1.9,
"ESP","FERTILITY","TOT","CHD_WOMAN","A","1983",1.8,
"ESP","FERTILITY","TOT","CHD_WOMAN","A","1984",1.7,
"ESP","FERTILITY","TOT","CHD_WOMAN","A","1985",1.6,
"ESP","FERTILITY","TOT","CHD_WOMAN","A","1986",1.6,
"ESP","FERTILITY","TOT","CHD_WOMAN","A","1987",1.5,
"ESP","FERTILITY","TOT","CHD_WOMAN","A","1988",1.5,
"ESP","FERTILITY","TOT","CHD_WOMAN","A","1989",1.4,
"ESP","FERTILITY","TOT","CHD_WOMAN","A","1990",1.4,
"ESP","FERTILITY","TOT","CHD_WOMAN","A","1991",1.3,
"ESP","FERTILITY","TOT","CHD_WOMAN","A","1992",1.3,
"ESP","FERTILITY","TOT","CHD_WOMAN","A","1993",1.3,
"ESP","FERTILITY","TOT","CHD_WOMAN","A","1994",1.2,
"ESP","FERTILITY","TOT","CHD_WOMAN","A","1995",1.2,
"ESP","FERTILITY","TOT","CHD_WOMAN","A","1996",1.2,
"ESP","FERTILITY","TOT","CHD_WOMAN","A","1997",1.2,
"ESP","FERTILITY","TOT","CHD_WOMAN","A","1998",1.2,
"ESP","FERTILITY","TOT","CHD_WOMAN","A","1999",1.2,
"ESP","FERTILITY","TOT","CHD_WOMAN","A","2000",1.2,
"ESP","FERTILITY","TOT","CHD_WOMAN","A","2001",1.2,
"ESP","FERTILITY","TOT","CHD_WOMAN","A","2002",1.3,
"ESP","FERTILITY","TOT","CHD_WOMAN","A","2003",1.3,
"ESP","FERTILITY","TOT","CHD_WOMAN","A","2004",1.3,
"ESP","FERTILITY","TOT","CHD_WOMAN","A","2005",1.3,
"ESP","FERTILITY","TOT","CHD_WOMAN","A","2006",1.4,
"ESP","FERTILITY","TOT","CHD_WOMAN","A","2007",1.4,
"ESP","FERTILITY","TOT","CHD_WOMAN","A","2008",1.5,
"ESP","FERTILITY","TOT","CHD_WOMAN","A","2009",1.4,
"ESP","FERTILITY","TOT","CHD_WOMAN","A","2010",1.4,
"ESP","FERTILITY","TOT","CHD_WOMAN","A","2011",1.3,
"ESP","FERTILITY","TOT","CHD_WOMAN","A","2012",1.3,
"ESP","FERTILITY","TOT","CHD_WOMAN","A","2013",1.3,
"ESP","FERTILITY","TOT","CHD_WOMAN","A","2014",1.3,
"ESP","FERTILITY","TOT","CHD_WOMAN","A","2015",1.3,
"SWE","FERTILITY","TOT","CHD_WOMAN","A","1960",2.2,
"SWE","FERTILITY","TOT","CHD_WOMAN","A","1961",2.2,
"SWE","FERTILITY","TOT","CHD_WOMAN","A","1962",2.3,
"SWE","FERTILITY","TOT","CHD_WOMAN","A","1963",2.3,
"SWE","FERTILITY","TOT","CHD_WOMAN","A","1964",2.5,
"SWE","FERTILITY","TOT","CHD_WOMAN","A","1965",2.4,
"SWE","FERTILITY","TOT","CHD_WOMAN","A","1966",2.4,
"SWE","FERTILITY","TOT","CHD_WOMAN","A","1967",2.3,
"SWE","FERTILITY","TOT","CHD_WOMAN","A","1968",2.1,
"SWE","FERTILITY","TOT","CHD_WOMAN","A","1969",1.9,
"SWE","FERTILITY","TOT","CHD_WOMAN","A","1970",1.9,
"SWE","FERTILITY","TOT","CHD_WOMAN","A","1971",2,
"SWE","FERTILITY","TOT","CHD_WOMAN","A","1972",1.9,
"SWE","FERTILITY","TOT","CHD_WOMAN","A","1973",1.9,
"SWE","FERTILITY","TOT","CHD_WOMAN","A","1974",1.9,
"SWE","FERTILITY","TOT","CHD_WOMAN","A","1975",1.8,
"SWE","FERTILITY","TOT","CHD_WOMAN","A","1976",1.7,
"SWE","FERTILITY","TOT","CHD_WOMAN","A","1977",1.6,
"SWE","FERTILITY","TOT","CHD_WOMAN","A","1978",1.6,
"SWE","FERTILITY","TOT","CHD_WOMAN","A","1979",1.7,
"SWE","FERTILITY","TOT","CHD_WOMAN","A","1980",1.7,
"SWE","FERTILITY","TOT","CHD_WOMAN","A","1981",1.6,
"SWE","FERTILITY","TOT","CHD_WOMAN","A","1982",1.6,
"SWE","FERTILITY","TOT","CHD_WOMAN","A","1983",1.6,
"SWE","FERTILITY","TOT","CHD_WOMAN","A","1984",1.7,
"SWE","FERTILITY","TOT","CHD_WOMAN","A","1985",1.7,
"SWE","FERTILITY","TOT","CHD_WOMAN","A","1986",1.8,
"SWE","FERTILITY","TOT","CHD_WOMAN","A","1987",1.8,
"SWE","FERTILITY","TOT","CHD_WOMAN","A","1988",2,
"SWE","FERTILITY","TOT","CHD_WOMAN","A","1989",2,
"SWE","FERTILITY","TOT","CHD_WOMAN","A","1990",2.1,
"SWE","FERTILITY","TOT","CHD_WOMAN","A","1991",2.1,
"SWE","FERTILITY","TOT","CHD_WOMAN","A","1992",2.1,
"SWE","FERTILITY","TOT","CHD_WOMAN","A","1993",2,
"SWE","FERTILITY","TOT","CHD_WOMAN","A","1994",1.9,
"SWE","FERTILITY","TOT","CHD_WOMAN","A","1995",1.7,
"SWE","FERTILITY","TOT","CHD_WOMAN","A","1996",1.6,
"SWE","FERTILITY","TOT","CHD_WOMAN","A","1997",1.5,
"SWE","FERTILITY","TOT","CHD_WOMAN","A","1998",1.5,
"SWE","FERTILITY","TOT","CHD_WOMAN","A","1999",1.5,
"SWE","FERTILITY","TOT","CHD_WOMAN","A","2000",1.5,
"SWE","FERTILITY","TOT","CHD_WOMAN","A","2001",1.6,
"SWE","FERTILITY","TOT","CHD_WOMAN","A","2002",1.7,
"SWE","FERTILITY","TOT","CHD_WOMAN","A","2003",1.7,
"SWE","FERTILITY","TOT","CHD_WOMAN","A","2004",1.8,
"SWE","FERTILITY","TOT","CHD_WOMAN","A","2005",1.8,
"SWE","FERTILITY","TOT","CHD_WOMAN","A","2006",1.9,
"SWE","FERTILITY","TOT","CHD_WOMAN","A","2007",1.9,
"SWE","FERTILITY","TOT","CHD_WOMAN","A","2008",1.9,
"SWE","FERTILITY","TOT","CHD_WOMAN","A","2009",1.9,
"SWE","FERTILITY","TOT","CHD_WOMAN","A","2010",2,
"SWE","FERTILITY","TOT","CHD_WOMAN","A","2011",1.9,
"SWE","FERTILITY","TOT","CHD_WOMAN","A","2012",1.9,
"SWE","FERTILITY","TOT","CHD_WOMAN","A","2013",1.9,
"SWE","FERTILITY","TOT","CHD_WOMAN","A","2014",1.9,
"SWE","FERTILITY","TOT","CHD_WOMAN","A","2015",1.9,
"GBR","FERTILITY","TOT","CHD_WOMAN","A","1960",2.7,
"GBR","FERTILITY","TOT","CHD_WOMAN","A","1961",2.8,
"GBR","FERTILITY","TOT","CHD_WOMAN","A","1962",2.9,
"GBR","FERTILITY","TOT","CHD_WOMAN","A","1963",2.9,
"GBR","FERTILITY","TOT","CHD_WOMAN","A","1964",3,
"GBR","FERTILITY","TOT","CHD_WOMAN","A","1965",2.9,
"GBR","FERTILITY","TOT","CHD_WOMAN","A","1966",2.8,
"GBR","FERTILITY","TOT","CHD_WOMAN","A","1967",2.7,
"GBR","FERTILITY","TOT","CHD_WOMAN","A","1968",2.6,
"GBR","FERTILITY","TOT","CHD_WOMAN","A","1969",2.5,
"GBR","FERTILITY","TOT","CHD_WOMAN","A","1970",2.4,
"GBR","FERTILITY","TOT","CHD_WOMAN","A","1971",2.4,
"GBR","FERTILITY","TOT","CHD_WOMAN","A","1972",2.2,
"GBR","FERTILITY","TOT","CHD_WOMAN","A","1973",2,
"GBR","FERTILITY","TOT","CHD_WOMAN","A","1974",1.9,
"GBR","FERTILITY","TOT","CHD_WOMAN","A","1975",1.8,
"GBR","FERTILITY","TOT","CHD_WOMAN","A","1976",1.7,
"GBR","FERTILITY","TOT","CHD_WOMAN","A","1977",1.7,
"GBR","FERTILITY","TOT","CHD_WOMAN","A","1978",1.8,
"GBR","FERTILITY","TOT","CHD_WOMAN","A","1979",1.9,
"GBR","FERTILITY","TOT","CHD_WOMAN","A","1980",1.9,
"GBR","FERTILITY","TOT","CHD_WOMAN","A","1981",1.8,
"GBR","FERTILITY","TOT","CHD_WOMAN","A","1982",1.8,
"GBR","FERTILITY","TOT","CHD_WOMAN","A","1983",1.8,
"GBR","FERTILITY","TOT","CHD_WOMAN","A","1984",1.8,
"GBR","FERTILITY","TOT","CHD_WOMAN","A","1985",1.8,
"GBR","FERTILITY","TOT","CHD_WOMAN","A","1986",1.8,
"GBR","FERTILITY","TOT","CHD_WOMAN","A","1987",1.8,
"GBR","FERTILITY","TOT","CHD_WOMAN","A","1988",1.8,
"GBR","FERTILITY","TOT","CHD_WOMAN","A","1989",1.8,
"GBR","FERTILITY","TOT","CHD_WOMAN","A","1990",1.8,
"GBR","FERTILITY","TOT","CHD_WOMAN","A","1991",1.8,
"GBR","FERTILITY","TOT","CHD_WOMAN","A","1992",1.8,
"GBR","FERTILITY","TOT","CHD_WOMAN","A","1993",1.8,
"GBR","FERTILITY","TOT","CHD_WOMAN","A","1994",1.7,
"GBR","FERTILITY","TOT","CHD_WOMAN","A","1995",1.7,
"GBR","FERTILITY","TOT","CHD_WOMAN","A","1996",1.7,
"GBR","FERTILITY","TOT","CHD_WOMAN","A","1997",1.7,
"GBR","FERTILITY","TOT","CHD_WOMAN","A","1998",1.7,
"GBR","FERTILITY","TOT","CHD_WOMAN","A","1999",1.7,
"GBR","FERTILITY","TOT","CHD_WOMAN","A","2000",1.6,
"GBR","FERTILITY","TOT","CHD_WOMAN","A","2001",1.6,
"GBR","FERTILITY","TOT","CHD_WOMAN","A","2002",1.6,
"GBR","FERTILITY","TOT","CHD_WOMAN","A","2003",1.7,
"GBR","FERTILITY","TOT","CHD_WOMAN","A","2004",1.8,
"GBR","FERTILITY","TOT","CHD_WOMAN","A","2005",1.8,
"GBR","FERTILITY","TOT","CHD_WOMAN","A","2006",1.8,
"GBR","FERTILITY","TOT","CHD_WOMAN","A","2007",1.9,
"GBR","FERTILITY","TOT","CHD_WOMAN","A","2008",1.9,
"GBR","FERTILITY","TOT","CHD_WOMAN","A","2009",1.9,
"GBR","FERTILITY","TOT","CHD_WOMAN","A","2010",1.9,
"GBR","FERTILITY","TOT","CHD_WOMAN","A","2011",1.9,
"GBR","FERTILITY","TOT","CHD_WOMAN","A","2012",1.9,
"GBR","FERTILITY","TOT","CHD_WOMAN","A","2013",1.8,
"GBR","FERTILITY","TOT","CHD_WOMAN","A","2014",1.8,
"GBR","FERTILITY","TOT","CHD_WOMAN","A","2015",1.8,
"EST","FERTILITY","TOT","CHD_WOMAN","A","1960",2,
"EST","FERTILITY","TOT","CHD_WOMAN","A","1961",2,
"EST","FERTILITY","TOT","CHD_WOMAN","A","1962",2,
"EST","FERTILITY","TOT","CHD_WOMAN","A","1963",1.9,
"EST","FERTILITY","TOT","CHD_WOMAN","A","1964",1.9,
"EST","FERTILITY","TOT","CHD_WOMAN","A","1965",1.9,
"EST","FERTILITY","TOT","CHD_WOMAN","A","1966",1.9,
"EST","FERTILITY","TOT","CHD_WOMAN","A","1967",1.9,
"EST","FERTILITY","TOT","CHD_WOMAN","A","1968",2,
"EST","FERTILITY","TOT","CHD_WOMAN","A","1969",2.1,
"EST","FERTILITY","TOT","CHD_WOMAN","A","1970",2.2,
"EST","FERTILITY","TOT","CHD_WOMAN","A","1971",2.2,
"EST","FERTILITY","TOT","CHD_WOMAN","A","1972",2.1,
"EST","FERTILITY","TOT","CHD_WOMAN","A","1973",2.1,
"EST","FERTILITY","TOT","CHD_WOMAN","A","1974",2.1,
"EST","FERTILITY","TOT","CHD_WOMAN","A","1975",2,
"EST","FERTILITY","TOT","CHD_WOMAN","A","1976",2.1,
"EST","FERTILITY","TOT","CHD_WOMAN","A","1977",2.1,
"EST","FERTILITY","TOT","CHD_WOMAN","A","1978",2,
"EST","FERTILITY","TOT","CHD_WOMAN","A","1979",2,
"EST","FERTILITY","TOT","CHD_WOMAN","A","1980",2,
"EST","FERTILITY","TOT","CHD_WOMAN","A","1981",2.1,
"EST","FERTILITY","TOT","CHD_WOMAN","A","1982",2.1,
"EST","FERTILITY","TOT","CHD_WOMAN","A","1983",2.2,
"EST","FERTILITY","TOT","CHD_WOMAN","A","1984",2.2,
"EST","FERTILITY","TOT","CHD_WOMAN","A","1985",2.1,
"EST","FERTILITY","TOT","CHD_WOMAN","A","1986",2.2,
"EST","FERTILITY","TOT","CHD_WOMAN","A","1987",2.3,
"EST","FERTILITY","TOT","CHD_WOMAN","A","1988",2.3,
"EST","FERTILITY","TOT","CHD_WOMAN","A","1989",2.2,
"EST","FERTILITY","TOT","CHD_WOMAN","A","1990",2.1,
"EST","FERTILITY","TOT","CHD_WOMAN","A","1991",1.8,
"EST","FERTILITY","TOT","CHD_WOMAN","A","1992",1.7,
"EST","FERTILITY","TOT","CHD_WOMAN","A","1993",1.5,
"EST","FERTILITY","TOT","CHD_WOMAN","A","1994",1.4,
"EST","FERTILITY","TOT","CHD_WOMAN","A","1995",1.4,
"EST","FERTILITY","TOT","CHD_WOMAN","A","1996",1.4,
"EST","FERTILITY","TOT","CHD_WOMAN","A","1997",1.3,
"EST","FERTILITY","TOT","CHD_WOMAN","A","1998",1.3,
"EST","FERTILITY","TOT","CHD_WOMAN","A","1999",1.3,
"EST","FERTILITY","TOT","CHD_WOMAN","A","2000",1.4,
"EST","FERTILITY","TOT","CHD_WOMAN","A","2001",1.3,
"EST","FERTILITY","TOT","CHD_WOMAN","A","2002",1.4,
"EST","FERTILITY","TOT","CHD_WOMAN","A","2003",1.4,
"EST","FERTILITY","TOT","CHD_WOMAN","A","2004",1.5,
"EST","FERTILITY","TOT","CHD_WOMAN","A","2005",1.5,
"EST","FERTILITY","TOT","CHD_WOMAN","A","2006",1.6,
"EST","FERTILITY","TOT","CHD_WOMAN","A","2007",1.7,
"EST","FERTILITY","TOT","CHD_WOMAN","A","2008",1.7,
"EST","FERTILITY","TOT","CHD_WOMAN","A","2009",1.7,
"EST","FERTILITY","TOT","CHD_WOMAN","A","2010",1.7,
"EST","FERTILITY","TOT","CHD_WOMAN","A","2011",1.6,
"EST","FERTILITY","TOT","CHD_WOMAN","A","2012",1.6,
"EST","FERTILITY","TOT","CHD_WOMAN","A","2013",1.5,
"EST","FERTILITY","TOT","CHD_WOMAN","A","2014",1.5,
"EST","FERTILITY","TOT","CHD_WOMAN","A","2015",1.6,
"SVN","FERTILITY","TOT","CHD_WOMAN","A","1960",2.2,
"SVN","FERTILITY","TOT","CHD_WOMAN","A","1961",2.3,
"SVN","FERTILITY","TOT","CHD_WOMAN","A","1962",2.3,
"SVN","FERTILITY","TOT","CHD_WOMAN","A","1963",2.3,
"SVN","FERTILITY","TOT","CHD_WOMAN","A","1964",2.3,
"SVN","FERTILITY","TOT","CHD_WOMAN","A","1965",2.5,
"SVN","FERTILITY","TOT","CHD_WOMAN","A","1966",2.5,
"SVN","FERTILITY","TOT","CHD_WOMAN","A","1967",2.4,
"SVN","FERTILITY","TOT","CHD_WOMAN","A","1968",2.3,
"SVN","FERTILITY","TOT","CHD_WOMAN","A","1969",2.2,
"SVN","FERTILITY","TOT","CHD_WOMAN","A","1970",2.2,
"SVN","FERTILITY","TOT","CHD_WOMAN","A","1971",2.2,
"SVN","FERTILITY","TOT","CHD_WOMAN","A","1972",2.1,
"SVN","FERTILITY","TOT","CHD_WOMAN","A","1973",2.2,
"SVN","FERTILITY","TOT","CHD_WOMAN","A","1974",2.1,
"SVN","FERTILITY","TOT","CHD_WOMAN","A","1975",2.2,
"SVN","FERTILITY","TOT","CHD_WOMAN","A","1976",2.2,
"SVN","FERTILITY","TOT","CHD_WOMAN","A","1977",2.2,
"SVN","FERTILITY","TOT","CHD_WOMAN","A","1978",2.2,
"SVN","FERTILITY","TOT","CHD_WOMAN","A","1979",2.2,
"SVN","FERTILITY","TOT","CHD_WOMAN","A","1980",2.1,
"SVN","FERTILITY","TOT","CHD_WOMAN","A","1981",2,
"SVN","FERTILITY","TOT","CHD_WOMAN","A","1982",1.9,
"SVN","FERTILITY","TOT","CHD_WOMAN","A","1983",1.8,
"SVN","FERTILITY","TOT","CHD_WOMAN","A","1984",1.8,
"SVN","FERTILITY","TOT","CHD_WOMAN","A","1985",1.7,
"SVN","FERTILITY","TOT","CHD_WOMAN","A","1986",1.7,
"SVN","FERTILITY","TOT","CHD_WOMAN","A","1987",1.6,
"SVN","FERTILITY","TOT","CHD_WOMAN","A","1988",1.6,
"SVN","FERTILITY","TOT","CHD_WOMAN","A","1989",1.5,
"SVN","FERTILITY","TOT","CHD_WOMAN","A","1990",1.5,
"SVN","FERTILITY","TOT","CHD_WOMAN","A","1991",1.4,
"SVN","FERTILITY","TOT","CHD_WOMAN","A","1992",1.3,
"SVN","FERTILITY","TOT","CHD_WOMAN","A","1993",1.3,
"SVN","FERTILITY","TOT","CHD_WOMAN","A","1994",1.3,
"SVN","FERTILITY","TOT","CHD_WOMAN","A","1995",1.3,
"SVN","FERTILITY","TOT","CHD_WOMAN","A","1996",1.3,
"SVN","FERTILITY","TOT","CHD_WOMAN","A","1997",1.3,
"SVN","FERTILITY","TOT","CHD_WOMAN","A","1998",1.2,
"SVN","FERTILITY","TOT","CHD_WOMAN","A","1999",1.2,
"SVN","FERTILITY","TOT","CHD_WOMAN","A","2000",1.3,
"SVN","FERTILITY","TOT","CHD_WOMAN","A","2001",1.2,
"SVN","FERTILITY","TOT","CHD_WOMAN","A","2002",1.2,
"SVN","FERTILITY","TOT","CHD_WOMAN","A","2003",1.2,
"SVN","FERTILITY","TOT","CHD_WOMAN","A","2004",1.3,
"SVN","FERTILITY","TOT","CHD_WOMAN","A","2005",1.3,
"SVN","FERTILITY","TOT","CHD_WOMAN","A","2006",1.3,
"SVN","FERTILITY","TOT","CHD_WOMAN","A","2007",1.4,
"SVN","FERTILITY","TOT","CHD_WOMAN","A","2008",1.5,
"SVN","FERTILITY","TOT","CHD_WOMAN","A","2009",1.5,
"SVN","FERTILITY","TOT","CHD_WOMAN","A","2010",1.6,
"SVN","FERTILITY","TOT","CHD_WOMAN","A","2011",1.6,
"SVN","FERTILITY","TOT","CHD_WOMAN","A","2012",1.6,
"SVN","FERTILITY","TOT","CHD_WOMAN","A","2013",1.6,
"SVN","FERTILITY","TOT","CHD_WOMAN","A","2014",1.6,
"SVN","FERTILITY","TOT","CHD_WOMAN","A","2015",1.6,
"LVA","FERTILITY","TOT","CHD_WOMAN","A","1960",1.9,
"LVA","FERTILITY","TOT","CHD_WOMAN","A","1961",1.9,
"LVA","FERTILITY","TOT","CHD_WOMAN","A","1962",1.9,
"LVA","FERTILITY","TOT","CHD_WOMAN","A","1963",1.9,
"LVA","FERTILITY","TOT","CHD_WOMAN","A","1964",1.8,
"LVA","FERTILITY","TOT","CHD_WOMAN","A","1965",1.7,
"LVA","FERTILITY","TOT","CHD_WOMAN","A","1966",1.8,
"LVA","FERTILITY","TOT","CHD_WOMAN","A","1967",1.8,
"LVA","FERTILITY","TOT","CHD_WOMAN","A","1968",1.8,
"LVA","FERTILITY","TOT","CHD_WOMAN","A","1969",1.9,
"LVA","FERTILITY","TOT","CHD_WOMAN","A","1970",2,
"LVA","FERTILITY","TOT","CHD_WOMAN","A","1971",2,
"LVA","FERTILITY","TOT","CHD_WOMAN","A","1972",2,
"LVA","FERTILITY","TOT","CHD_WOMAN","A","1973",2,
"LVA","FERTILITY","TOT","CHD_WOMAN","A","1974",2,
"LVA","FERTILITY","TOT","CHD_WOMAN","A","1975",2,
"LVA","FERTILITY","TOT","CHD_WOMAN","A","1976",1.9,
"LVA","FERTILITY","TOT","CHD_WOMAN","A","1977",1.9,
"LVA","FERTILITY","TOT","CHD_WOMAN","A","1978",1.9,
"LVA","FERTILITY","TOT","CHD_WOMAN","A","1979",1.9,
"LVA","FERTILITY","TOT","CHD_WOMAN","A","1980",1.9,
"LVA","FERTILITY","TOT","CHD_WOMAN","A","1981",1.9,
"LVA","FERTILITY","TOT","CHD_WOMAN","A","1982",2,
"LVA","FERTILITY","TOT","CHD_WOMAN","A","1983",2.1,
"LVA","FERTILITY","TOT","CHD_WOMAN","A","1984",2.2,
"LVA","FERTILITY","TOT","CHD_WOMAN","A","1985",2.1,
"LVA","FERTILITY","TOT","CHD_WOMAN","A","1986",2.2,
"LVA","FERTILITY","TOT","CHD_WOMAN","A","1987",2.2,
"LVA","FERTILITY","TOT","CHD_WOMAN","A","1988",2.2,
"LVA","FERTILITY","TOT","CHD_WOMAN","A","1989",2.1,
"LVA","FERTILITY","TOT","CHD_WOMAN","A","1990",2,
"LVA","FERTILITY","TOT","CHD_WOMAN","A","1991",1.9,
"LVA","FERTILITY","TOT","CHD_WOMAN","A","1992",1.7,
"LVA","FERTILITY","TOT","CHD_WOMAN","A","1993",1.5,
"LVA","FERTILITY","TOT","CHD_WOMAN","A","1994",1.4,
"LVA","FERTILITY","TOT","CHD_WOMAN","A","1995",1.3,
"LVA","FERTILITY","TOT","CHD_WOMAN","A","1996",1.2,
"LVA","FERTILITY","TOT","CHD_WOMAN","A","1997",1.1,
"LVA","FERTILITY","TOT","CHD_WOMAN","A","1998",1.1,
"LVA","FERTILITY","TOT","CHD_WOMAN","A","1999",1.2,
"LVA","FERTILITY","TOT","CHD_WOMAN","A","2000",1.3,
"LVA","FERTILITY","TOT","CHD_WOMAN","A","2001",1.2,
"LVA","FERTILITY","TOT","CHD_WOMAN","A","2002",1.3,
"LVA","FERTILITY","TOT","CHD_WOMAN","A","2003",1.3,
"LVA","FERTILITY","TOT","CHD_WOMAN","A","2004",1.3,
"LVA","FERTILITY","TOT","CHD_WOMAN","A","2005",1.4,
"LVA","FERTILITY","TOT","CHD_WOMAN","A","2006",1.5,
"LVA","FERTILITY","TOT","CHD_WOMAN","A","2007",1.5,
"LVA","FERTILITY","TOT","CHD_WOMAN","A","2008",1.6,
"LVA","FERTILITY","TOT","CHD_WOMAN","A","2009",1.5,
"LVA","FERTILITY","TOT","CHD_WOMAN","A","2010",1.4,
"LVA","FERTILITY","TOT","CHD_WOMAN","A","2011",1.3,
"LVA","FERTILITY","TOT","CHD_WOMAN","A","2012",1.4,
"LVA","FERTILITY","TOT","CHD_WOMAN","A","2013",1.5,
"LVA","FERTILITY","TOT","CHD_WOMAN","A","2014",1.7,
"LVA","FERTILITY","TOT","CHD_WOMAN","A","2015",1.7,
"LTU","FERTILITY","TOT","CHD_WOMAN","A","1970",2.4,
"LTU","FERTILITY","TOT","CHD_WOMAN","A","1971",2.4,
"LTU","FERTILITY","TOT","CHD_WOMAN","A","1972",2.3,
"LTU","FERTILITY","TOT","CHD_WOMAN","A","1973",2.2,
"LTU","FERTILITY","TOT","CHD_WOMAN","A","1974",2.2,
"LTU","FERTILITY","TOT","CHD_WOMAN","A","1975",2.2,
"LTU","FERTILITY","TOT","CHD_WOMAN","A","1976",2.2,
"LTU","FERTILITY","TOT","CHD_WOMAN","A","1977",2.1,
"LTU","FERTILITY","TOT","CHD_WOMAN","A","1978",2.1,
"LTU","FERTILITY","TOT","CHD_WOMAN","A","1979",2.1,
"LTU","FERTILITY","TOT","CHD_WOMAN","A","1980",2,
"LTU","FERTILITY","TOT","CHD_WOMAN","A","1981",2,
"LTU","FERTILITY","TOT","CHD_WOMAN","A","1982",2,
"LTU","FERTILITY","TOT","CHD_WOMAN","A","1983",2.1,
"LTU","FERTILITY","TOT","CHD_WOMAN","A","1984",2.1,
"LTU","FERTILITY","TOT","CHD_WOMAN","A","1985",2.1,
"LTU","FERTILITY","TOT","CHD_WOMAN","A","1986",2.1,
"LTU","FERTILITY","TOT","CHD_WOMAN","A","1987",2.1,
"LTU","FERTILITY","TOT","CHD_WOMAN","A","1988",2,
"LTU","FERTILITY","TOT","CHD_WOMAN","A","1989",2,
"LTU","FERTILITY","TOT","CHD_WOMAN","A","1990",2,
"LTU","FERTILITY","TOT","CHD_WOMAN","A","1991",2,
"LTU","FERTILITY","TOT","CHD_WOMAN","A","1992",2,
"LTU","FERTILITY","TOT","CHD_WOMAN","A","1993",1.7,
"LTU","FERTILITY","TOT","CHD_WOMAN","A","1994",1.6,
"LTU","FERTILITY","TOT","CHD_WOMAN","A","1995",1.6,
"LTU","FERTILITY","TOT","CHD_WOMAN","A","1996",1.5,
"LTU","FERTILITY","TOT","CHD_WOMAN","A","1997",1.5,
"LTU","FERTILITY","TOT","CHD_WOMAN","A","1998",1.5,
"LTU","FERTILITY","TOT","CHD_WOMAN","A","1999",1.5,
"LTU","FERTILITY","TOT","CHD_WOMAN","A","2000",1.4,
"LTU","FERTILITY","TOT","CHD_WOMAN","A","2001",1.3,
"LTU","FERTILITY","TOT","CHD_WOMAN","A","2002",1.2,
"LTU","FERTILITY","TOT","CHD_WOMAN","A","2003",1.3,
"LTU","FERTILITY","TOT","CHD_WOMAN","A","2004",1.3,
"LTU","FERTILITY","TOT","CHD_WOMAN","A","2005",1.3,
"LTU","FERTILITY","TOT","CHD_WOMAN","A","2006",1.3,
"LTU","FERTILITY","TOT","CHD_WOMAN","A","2007",1.4,
"LTU","FERTILITY","TOT","CHD_WOMAN","A","2008",1.5,
"LTU","FERTILITY","TOT","CHD_WOMAN","A","2009",1.5,
"LTU","FERTILITY","TOT","CHD_WOMAN","A","2010",1.5,
"LTU","FERTILITY","TOT","CHD_WOMAN","A","2011",1.6,
"LTU","FERTILITY","TOT","CHD_WOMAN","A","2012",1.6,
"LTU","FERTILITY","TOT","CHD_WOMAN","A","2013",1.6,
"LTU","FERTILITY","TOT","CHD_WOMAN","A","2014",1.6,
"LTU","FERTILITY","TOT","CHD_WOMAN","A","2015",1.7,
"BGR","FERTILITY","TOT","CHD_WOMAN","A","1960",2.3,
"BGR","FERTILITY","TOT","CHD_WOMAN","A","1961",2.3,
"BGR","FERTILITY","TOT","CHD_WOMAN","A","1962",2.2,
"BGR","FERTILITY","TOT","CHD_WOMAN","A","1963",2.2,
"BGR","FERTILITY","TOT","CHD_WOMAN","A","1964",2.2,
"BGR","FERTILITY","TOT","CHD_WOMAN","A","1965",2.1,
"BGR","FERTILITY","TOT","CHD_WOMAN","A","1966",2,
"BGR","FERTILITY","TOT","CHD_WOMAN","A","1967",2,
"BGR","FERTILITY","TOT","CHD_WOMAN","A","1968",2.3,
"BGR","FERTILITY","TOT","CHD_WOMAN","A","1969",2.3,
"BGR","FERTILITY","TOT","CHD_WOMAN","A","1970",2.2,
"BGR","FERTILITY","TOT","CHD_WOMAN","A","1971",2.1,
"BGR","FERTILITY","TOT","CHD_WOMAN","A","1972",2,
"BGR","FERTILITY","TOT","CHD_WOMAN","A","1973",2.2,
"BGR","FERTILITY","TOT","CHD_WOMAN","A","1974",2.3,
"BGR","FERTILITY","TOT","CHD_WOMAN","A","1975",2.2,
"BGR","FERTILITY","TOT","CHD_WOMAN","A","1976",2.2,
"BGR","FERTILITY","TOT","CHD_WOMAN","A","1977",2.2,
"BGR","FERTILITY","TOT","CHD_WOMAN","A","1978",2.2,
"BGR","FERTILITY","TOT","CHD_WOMAN","A","1979",2.2,
"BGR","FERTILITY","TOT","CHD_WOMAN","A","1980",2.1,
"BGR","FERTILITY","TOT","CHD_WOMAN","A","1981",2,
"BGR","FERTILITY","TOT","CHD_WOMAN","A","1982",2,
"BGR","FERTILITY","TOT","CHD_WOMAN","A","1983",2,
"BGR","FERTILITY","TOT","CHD_WOMAN","A","1984",2,
"BGR","FERTILITY","TOT","CHD_WOMAN","A","1985",2,
"BGR","FERTILITY","TOT","CHD_WOMAN","A","1986",2,
"BGR","FERTILITY","TOT","CHD_WOMAN","A","1987",2,
"BGR","FERTILITY","TOT","CHD_WOMAN","A","1988",2,
"BGR","FERTILITY","TOT","CHD_WOMAN","A","1989",1.9,
"BGR","FERTILITY","TOT","CHD_WOMAN","A","1990",1.8,
"BGR","FERTILITY","TOT","CHD_WOMAN","A","1991",1.7,
"BGR","FERTILITY","TOT","CHD_WOMAN","A","1992",1.6,
"BGR","FERTILITY","TOT","CHD_WOMAN","A","1993",1.5,
"BGR","FERTILITY","TOT","CHD_WOMAN","A","1994",1.4,
"BGR","FERTILITY","TOT","CHD_WOMAN","A","1995",1.2,
"BGR","FERTILITY","TOT","CHD_WOMAN","A","1996",1.2,
"BGR","FERTILITY","TOT","CHD_WOMAN","A","1997",1.1,
"BGR","FERTILITY","TOT","CHD_WOMAN","A","1998",1.1,
"BGR","FERTILITY","TOT","CHD_WOMAN","A","1999",1.2,
"BGR","FERTILITY","TOT","CHD_WOMAN","A","2000",1.3,
"BGR","FERTILITY","TOT","CHD_WOMAN","A","2001",1.2,
"BGR","FERTILITY","TOT","CHD_WOMAN","A","2002",1.2,
"BGR","FERTILITY","TOT","CHD_WOMAN","A","2003",1.2,
"BGR","FERTILITY","TOT","CHD_WOMAN","A","2004",1.3,
"BGR","FERTILITY","TOT","CHD_WOMAN","A","2005",1.3,
"BGR","FERTILITY","TOT","CHD_WOMAN","A","2006",1.4,
"BGR","FERTILITY","TOT","CHD_WOMAN","A","2007",1.5,
"BGR","FERTILITY","TOT","CHD_WOMAN","A","2008",1.6,
"BGR","FERTILITY","TOT","CHD_WOMAN","A","2009",1.7,
"BGR","FERTILITY","TOT","CHD_WOMAN","A","2010",1.6,
"BGR","FERTILITY","TOT","CHD_WOMAN","A","2011",1.5,
"BGR","FERTILITY","TOT","CHD_WOMAN","A","2012",1.5,
"BGR","FERTILITY","TOT","CHD_WOMAN","A","2013",1.5,
"BGR","FERTILITY","TOT","CHD_WOMAN","A","2014",1.5,
"BGR","FERTILITY","TOT","CHD_WOMAN","A","2015",1.5,
"HRV","FERTILITY","TOT","CHD_WOMAN","A","1960",2.2,
"HRV","FERTILITY","TOT","CHD_WOMAN","A","1961",2.2,
"HRV","FERTILITY","TOT","CHD_WOMAN","A","1962",2.2,
"HRV","FERTILITY","TOT","CHD_WOMAN","A","1963",2.1,
"HRV","FERTILITY","TOT","CHD_WOMAN","A","1964",2.1,
"HRV","FERTILITY","TOT","CHD_WOMAN","A","1965",2.2,
"HRV","FERTILITY","TOT","CHD_WOMAN","A","1966",2.2,
"HRV","FERTILITY","TOT","CHD_WOMAN","A","1967",2.1,
"HRV","FERTILITY","TOT","CHD_WOMAN","A","1968",2,
"HRV","FERTILITY","TOT","CHD_WOMAN","A","1969",1.9,
"HRV","FERTILITY","TOT","CHD_WOMAN","A","1970",1.8,
"HRV","FERTILITY","TOT","CHD_WOMAN","A","1971",2,
"HRV","FERTILITY","TOT","CHD_WOMAN","A","1972",2,
"HRV","FERTILITY","TOT","CHD_WOMAN","A","1973",2,
"HRV","FERTILITY","TOT","CHD_WOMAN","A","1974",2,
"HRV","FERTILITY","TOT","CHD_WOMAN","A","1975",1.9,
"HRV","FERTILITY","TOT","CHD_WOMAN","A","1976",1.9,
"HRV","FERTILITY","TOT","CHD_WOMAN","A","1977",1.9,
"HRV","FERTILITY","TOT","CHD_WOMAN","A","1978",1.9,
"HRV","FERTILITY","TOT","CHD_WOMAN","A","1979",1.9,
"HRV","FERTILITY","TOT","CHD_WOMAN","A","1980",1.9,
"HRV","FERTILITY","TOT","CHD_WOMAN","A","1981",1.9,
"HRV","FERTILITY","TOT","CHD_WOMAN","A","1982",1.9,
"HRV","FERTILITY","TOT","CHD_WOMAN","A","1983",1.9,
"HRV","FERTILITY","TOT","CHD_WOMAN","A","1984",1.9,
"HRV","FERTILITY","TOT","CHD_WOMAN","A","1985",1.8,
"HRV","FERTILITY","TOT","CHD_WOMAN","A","1986",1.8,
"HRV","FERTILITY","TOT","CHD_WOMAN","A","1987",1.7,
"HRV","FERTILITY","TOT","CHD_WOMAN","A","1988",1.7,
"HRV","FERTILITY","TOT","CHD_WOMAN","A","1989",1.7,
"HRV","FERTILITY","TOT","CHD_WOMAN","A","1990",1.7,
"HRV","FERTILITY","TOT","CHD_WOMAN","A","1991",1.6,
"HRV","FERTILITY","TOT","CHD_WOMAN","A","1992",1.4,
"HRV","FERTILITY","TOT","CHD_WOMAN","A","1993",1.4,
"HRV","FERTILITY","TOT","CHD_WOMAN","A","1994",1.4,
"HRV","FERTILITY","TOT","CHD_WOMAN","A","1995",1.5,
"HRV","FERTILITY","TOT","CHD_WOMAN","A","1996",1.6,
"HRV","FERTILITY","TOT","CHD_WOMAN","A","1997",1.7,
"HRV","FERTILITY","TOT","CHD_WOMAN","A","1998",1.5,
"HRV","FERTILITY","TOT","CHD_WOMAN","A","1999",1.4,
"HRV","FERTILITY","TOT","CHD_WOMAN","A","2000",1.4,
"HRV","FERTILITY","TOT","CHD_WOMAN","A","2001",1.5,
"HRV","FERTILITY","TOT","CHD_WOMAN","A","2002",1.4,
"HRV","FERTILITY","TOT","CHD_WOMAN","A","2003",1.4,
"HRV","FERTILITY","TOT","CHD_WOMAN","A","2004",1.4,
"HRV","FERTILITY","TOT","CHD_WOMAN","A","2005",1.5,
"HRV","FERTILITY","TOT","CHD_WOMAN","A","2006",1.5,
"HRV","FERTILITY","TOT","CHD_WOMAN","A","2007",1.5,
"HRV","FERTILITY","TOT","CHD_WOMAN","A","2008",1.6,
"HRV","FERTILITY","TOT","CHD_WOMAN","A","2009",1.6,
"HRV","FERTILITY","TOT","CHD_WOMAN","A","2010",1.6,
"HRV","FERTILITY","TOT","CHD_WOMAN","A","2011",1.5,
"HRV","FERTILITY","TOT","CHD_WOMAN","A","2012",1.5,
"HRV","FERTILITY","TOT","CHD_WOMAN","A","2013",1.5,
"HRV","FERTILITY","TOT","CHD_WOMAN","A","2014",1.5,
"HRV","FERTILITY","TOT","CHD_WOMAN","A","2015",1.4,
"CYP","FERTILITY","TOT","CHD_WOMAN","A","1982",2.5,
"CYP","FERTILITY","TOT","CHD_WOMAN","A","1983",2.5,
"CYP","FERTILITY","TOT","CHD_WOMAN","A","1984",2.5,
"CYP","FERTILITY","TOT","CHD_WOMAN","A","1985",2.4,
"CYP","FERTILITY","TOT","CHD_WOMAN","A","1986",2.5,
"CYP","FERTILITY","TOT","CHD_WOMAN","A","1987",2.4,
"CYP","FERTILITY","TOT","CHD_WOMAN","A","1988",2.5,
"CYP","FERTILITY","TOT","CHD_WOMAN","A","1989",2.4,
"CYP","FERTILITY","TOT","CHD_WOMAN","A","1990",2.4,
"CYP","FERTILITY","TOT","CHD_WOMAN","A","1991",2.3,
"CYP","FERTILITY","TOT","CHD_WOMAN","A","1992",2.5,
"CYP","FERTILITY","TOT","CHD_WOMAN","A","1993",2.2,
"CYP","FERTILITY","TOT","CHD_WOMAN","A","1994",2.2,
"CYP","FERTILITY","TOT","CHD_WOMAN","A","1995",2,
"CYP","FERTILITY","TOT","CHD_WOMAN","A","1996",2,
"CYP","FERTILITY","TOT","CHD_WOMAN","A","1997",1.9,
"CYP","FERTILITY","TOT","CHD_WOMAN","A","1998",1.8,
"CYP","FERTILITY","TOT","CHD_WOMAN","A","1999",1.7,
"CYP","FERTILITY","TOT","CHD_WOMAN","A","2000",1.6,
"CYP","FERTILITY","TOT","CHD_WOMAN","A","2001",1.6,
"CYP","FERTILITY","TOT","CHD_WOMAN","A","2002",1.5,
"CYP","FERTILITY","TOT","CHD_WOMAN","A","2003",1.5,
"CYP","FERTILITY","TOT","CHD_WOMAN","A","2004",1.5,
"CYP","FERTILITY","TOT","CHD_WOMAN","A","2005",1.5,
"CYP","FERTILITY","TOT","CHD_WOMAN","A","2006",1.5,
"CYP","FERTILITY","TOT","CHD_WOMAN","A","2007",1.4,
"CYP","FERTILITY","TOT","CHD_WOMAN","A","2008",1.5,
"CYP","FERTILITY","TOT","CHD_WOMAN","A","2009",1.5,
"CYP","FERTILITY","TOT","CHD_WOMAN","A","2010",1.4,
"CYP","FERTILITY","TOT","CHD_WOMAN","A","2011",1.4,
"CYP","FERTILITY","TOT","CHD_WOMAN","A","2012",1.4,
"CYP","FERTILITY","TOT","CHD_WOMAN","A","2013",1.3,
"CYP","FERTILITY","TOT","CHD_WOMAN","A","2014",1.3,
"CYP","FERTILITY","TOT","CHD_WOMAN","A","2015",1.3,
"MLT","FERTILITY","TOT","CHD_WOMAN","A","1980",2,
"MLT","FERTILITY","TOT","CHD_WOMAN","A","1981",1.9,
"MLT","FERTILITY","TOT","CHD_WOMAN","A","1982",2,
"MLT","FERTILITY","TOT","CHD_WOMAN","A","1983",2,
"MLT","FERTILITY","TOT","CHD_WOMAN","A","1984",2,
"MLT","FERTILITY","TOT","CHD_WOMAN","A","1985",2,
"MLT","FERTILITY","TOT","CHD_WOMAN","A","1986",1.9,
"MLT","FERTILITY","TOT","CHD_WOMAN","A","1987",2,
"MLT","FERTILITY","TOT","CHD_WOMAN","A","1988",2.1,
"MLT","FERTILITY","TOT","CHD_WOMAN","A","1989",2.1,
"MLT","FERTILITY","TOT","CHD_WOMAN","A","1990",2.1,
"MLT","FERTILITY","TOT","CHD_WOMAN","A","1991",2.1,
"MLT","FERTILITY","TOT","CHD_WOMAN","A","1992",2.1,
"MLT","FERTILITY","TOT","CHD_WOMAN","A","1993",2,
"MLT","FERTILITY","TOT","CHD_WOMAN","A","1994",1.9,
"MLT","FERTILITY","TOT","CHD_WOMAN","A","1995",1.8,
"MLT","FERTILITY","TOT","CHD_WOMAN","A","1996",2,
"MLT","FERTILITY","TOT","CHD_WOMAN","A","1997",2,
"MLT","FERTILITY","TOT","CHD_WOMAN","A","1998",1.8,
"MLT","FERTILITY","TOT","CHD_WOMAN","A","1999",1.7,
"MLT","FERTILITY","TOT","CHD_WOMAN","A","2000",1.7,
"MLT","FERTILITY","TOT","CHD_WOMAN","A","2001",1.5,
"MLT","FERTILITY","TOT","CHD_WOMAN","A","2002",1.5,
"MLT","FERTILITY","TOT","CHD_WOMAN","A","2003",1.5,
"MLT","FERTILITY","TOT","CHD_WOMAN","A","2004",1.4,
"MLT","FERTILITY","TOT","CHD_WOMAN","A","2005",1.4,
"MLT","FERTILITY","TOT","CHD_WOMAN","A","2006",1.4,
"MLT","FERTILITY","TOT","CHD_WOMAN","A","2007",1.4,
"MLT","FERTILITY","TOT","CHD_WOMAN","A","2008",1.4,
"MLT","FERTILITY","TOT","CHD_WOMAN","A","2009",1.4,
"MLT","FERTILITY","TOT","CHD_WOMAN","A","2010",1.4,
"MLT","FERTILITY","TOT","CHD_WOMAN","A","2011",1.5,
"MLT","FERTILITY","TOT","CHD_WOMAN","A","2012",1.4,
"MLT","FERTILITY","TOT","CHD_WOMAN","A","2013",1.4,
"MLT","FERTILITY","TOT","CHD_WOMAN","A","2014",1.4,
"MLT","FERTILITY","TOT","CHD_WOMAN","A","2015",1.5,
"ROU","FERTILITY","TOT","CHD_WOMAN","A","1975",2.6,
"ROU","FERTILITY","TOT","CHD_WOMAN","A","1976",2.5,
"ROU","FERTILITY","TOT","CHD_WOMAN","A","1977",2.6,
"ROU","FERTILITY","TOT","CHD_WOMAN","A","1978",2.5,
"ROU","FERTILITY","TOT","CHD_WOMAN","A","1979",2.5,
"ROU","FERTILITY","TOT","CHD_WOMAN","A","1980",2.4,
"ROU","FERTILITY","TOT","CHD_WOMAN","A","1981",2.4,
"ROU","FERTILITY","TOT","CHD_WOMAN","A","1982",2.2,
"ROU","FERTILITY","TOT","CHD_WOMAN","A","1983",2.1,
"ROU","FERTILITY","TOT","CHD_WOMAN","A","1984",2.3,
"ROU","FERTILITY","TOT","CHD_WOMAN","A","1985",2.3,
"ROU","FERTILITY","TOT","CHD_WOMAN","A","1986",2.4,
"ROU","FERTILITY","TOT","CHD_WOMAN","A","1987",2.4,
"ROU","FERTILITY","TOT","CHD_WOMAN","A","1988",2.3,
"ROU","FERTILITY","TOT","CHD_WOMAN","A","1989",2.2,
"ROU","FERTILITY","TOT","CHD_WOMAN","A","1990",1.8,
"ROU","FERTILITY","TOT","CHD_WOMAN","A","1991",1.6,
"ROU","FERTILITY","TOT","CHD_WOMAN","A","1992",1.5,
"ROU","FERTILITY","TOT","CHD_WOMAN","A","1993",1.4,
"ROU","FERTILITY","TOT","CHD_WOMAN","A","1994",1.4,
"ROU","FERTILITY","TOT","CHD_WOMAN","A","1995",1.3,
"ROU","FERTILITY","TOT","CHD_WOMAN","A","1996",1.3,
"ROU","FERTILITY","TOT","CHD_WOMAN","A","1997",1.3,
"ROU","FERTILITY","TOT","CHD_WOMAN","A","1998",1.3,
"ROU","FERTILITY","TOT","CHD_WOMAN","A","1999",1.3,
"ROU","FERTILITY","TOT","CHD_WOMAN","A","2000",1.3,
"ROU","FERTILITY","TOT","CHD_WOMAN","A","2001",1.3,
"ROU","FERTILITY","TOT","CHD_WOMAN","A","2002",1.3,
"ROU","FERTILITY","TOT","CHD_WOMAN","A","2003",1.3,
"ROU","FERTILITY","TOT","CHD_WOMAN","A","2004",1.3,
"ROU","FERTILITY","TOT","CHD_WOMAN","A","2005",1.4,
"ROU","FERTILITY","TOT","CHD_WOMAN","A","2006",1.4,
"ROU","FERTILITY","TOT","CHD_WOMAN","A","2007",1.5,
"ROU","FERTILITY","TOT","CHD_WOMAN","A","2008",1.6,
"ROU","FERTILITY","TOT","CHD_WOMAN","A","2009",1.7,
"ROU","FERTILITY","TOT","CHD_WOMAN","A","2010",1.6,
"ROU","FERTILITY","TOT","CHD_WOMAN","A","2011",1.5,
"ROU","FERTILITY","TOT","CHD_WOMAN","A","2012",1.5,
"ROU","FERTILITY","TOT","CHD_WOMAN","A","2013",1.4,
"ROU","FERTILITY","TOT","CHD_WOMAN","A","2014",1.5,
"ROU","FERTILITY","TOT","CHD_WOMAN","A","2015",1.6,
